# SY_城市表
DROP TABLE IF EXISTS `sys_city`;
CREATE TABLE `sys_city` (
  `id` int(11) NOT NULL AUTO_INCREMENT COMMENT 'id',
  `province_id` int(11) unsigned NOT NULL DEFAULT '0' COMMENT '省ID',
  `city_name` varchar(40) NOT NULL COMMENT '名称',
  `sort` int(11) DEFAULT '0' COMMENT '顺序',
  `valid` bit(1) DEFAULT b'1' COMMENT '是否有效',
  PRIMARY KEY (`id`)
) ENGINE=InnoDB AUTO_INCREMENT=659004 DEFAULT CHARSET=utf8 COMMENT='SY_城市';
#data for sys_city
INSERT INTO `sys_city` VALUES (110100,110000,'北京市',2,b'1'),(120100,120000,'天津市',1,b'1'),(130100,130000,'石家庄市',3,b'1'),(130200,130000,'唐山市',4,b'1'),(130300,130000,'秦皇岛市',5,b'1'),(130400,130000,'邯郸市',6,b'1'),(130500,130000,'邢台市',7,b'1'),(130600,130000,'保定市',8,b'1'),(130700,130000,'张家口市',9,b'1'),(130800,130000,'承德市',10,b'1'),(130900,130000,'沧州市',11,b'1'),(131000,130000,'廊坊市',12,b'1'),(131100,130000,'衡水市',13,b'1'),(140100,140000,'太原市',14,b'1'),(140200,140000,'大同市',15,b'1'),(140300,140000,'阳泉市',16,b'1'),(140400,140000,'长治市',17,b'1'),(140500,140000,'晋城市',18,b'1'),(140600,140000,'朔州市',19,b'1'),(140700,140000,'晋中市',20,b'1'),(140800,140000,'运城市',21,b'1'),(140900,140000,'忻州市',22,b'1'),(141000,140000,'临汾市',23,b'1'),(141100,140000,'吕梁市',24,b'1'),(150100,150000,'呼和浩特市',25,b'1'),(150200,150000,'包头市',26,b'1'),(150300,150000,'乌海市',27,b'1'),(150400,150000,'赤峰市',28,b'1'),(150500,150000,'通辽市',29,b'1'),(150600,150000,'鄂尔多斯市',30,b'1'),(150700,150000,'呼伦贝尔市',31,b'1'),(150800,150000,'巴彦淖尔市',32,b'1'),(150900,150000,'乌兰察布市',33,b'1'),(152200,150000,'兴安盟',34,b'1'),(152500,150000,'锡林郭勒盟',35,b'1'),(152900,150000,'阿拉善盟',36,b'1'),(210100,210000,'沈阳市',37,b'1'),(210200,210000,'大连市',38,b'1'),(210300,210000,'鞍山市',39,b'1'),(210400,210000,'抚顺市',40,b'1'),(210500,210000,'本溪市',41,b'1'),(210600,210000,'丹东市',42,b'1'),(210700,210000,'锦州市',43,b'1'),(210800,210000,'营口市',44,b'1'),(210900,210000,'阜新市',45,b'1'),(211000,210000,'辽阳市',46,b'1'),(211100,210000,'盘锦市',47,b'1'),(211200,210000,'铁岭市',48,b'1'),(211300,210000,'朝阳市',49,b'1'),(211400,210000,'葫芦岛市',50,b'1'),(220100,220000,'长春市',51,b'1'),(220200,220000,'吉林市',52,b'1'),(220300,220000,'四平市',53,b'1'),(220400,220000,'辽源市',54,b'1'),(220500,220000,'通化市',55,b'1'),(220600,220000,'白山市',56,b'1'),(220700,220000,'松原市',57,b'1'),(220800,220000,'白城市',58,b'1'),(222400,220000,'延边朝鲜族自治州',59,b'1'),(230100,230000,'哈尔滨市',60,b'1'),(230200,230000,'齐齐哈尔市',61,b'1'),(230300,230000,'鸡西市',62,b'1'),(230400,230000,'鹤岗市',63,b'1'),(230500,230000,'双鸭山市',64,b'1'),(230600,230000,'大庆市',65,b'1'),(230700,230000,'伊春市',66,b'1'),(230800,230000,'佳木斯市',67,b'1'),(230900,230000,'七台河市',68,b'1'),(231000,230000,'牡丹江市',69,b'1'),(231100,230000,'黑河市',70,b'1'),(231200,230000,'绥化市',71,b'1'),(232700,230000,'大兴安岭地区',72,b'1'),(310100,310000,'上海市',0,b'1'),(320100,320000,'南京市',74,b'1'),(320200,320000,'无锡市',75,b'1'),(320300,320000,'徐州市',76,b'1'),(320400,320000,'常州市',77,b'1'),(320500,320000,'苏州市',78,b'1'),(320600,320000,'南通市',79,b'1'),(320700,320000,'连云港市',80,b'1'),(320800,320000,'淮安市',81,b'1'),(320900,320000,'盐城市',82,b'1'),(321000,320000,'扬州市',83,b'1'),(321100,320000,'镇江市',84,b'1'),(321200,320000,'泰州市',85,b'1'),(321300,320000,'宿迁市',86,b'1'),(330100,330000,'杭州市',87,b'1'),(330200,330000,'宁波市',88,b'1'),(330300,330000,'温州市',89,b'1'),(330400,330000,'嘉兴市',90,b'1'),(330500,330000,'湖州市',91,b'1'),(330600,330000,'绍兴市',92,b'1'),(330700,330000,'金华市',93,b'1'),(330800,330000,'衢州市',94,b'1'),(330900,330000,'舟山市',95,b'1'),(331000,330000,'台州市',96,b'1'),(331100,330000,'丽水市',97,b'1'),(340100,340000,'合肥市',98,b'1'),(340200,340000,'芜湖市',99,b'1'),(340300,340000,'蚌埠市',100,b'1'),(340400,340000,'淮南市',101,b'1'),(340500,340000,'马鞍山市',102,b'1'),(340600,340000,'淮北市',103,b'1'),(340700,340000,'铜陵市',104,b'1'),(340800,340000,'安庆市',105,b'1'),(341000,340000,'黄山市',106,b'1'),(341100,340000,'滁州市',107,b'1'),(341200,340000,'阜阳市',108,b'1'),(341300,340000,'宿州市',109,b'1'),(341500,340000,'六安市',110,b'1'),(341600,340000,'亳州市',111,b'1'),(341700,340000,'池州市',112,b'1'),(341800,340000,'宣城市',113,b'1'),(350100,350000,'福州市',114,b'1'),(350200,350000,'厦门市',115,b'1'),(350300,350000,'莆田市',116,b'1'),(350400,350000,'三明市',117,b'1'),(350500,350000,'泉州市',118,b'1'),(350600,350000,'漳州市',119,b'1'),(350700,350000,'南平市',120,b'1'),(350800,350000,'龙岩市',121,b'1'),(350900,350000,'宁德市',122,b'1'),(360100,360000,'南昌市',123,b'1'),(360200,360000,'景德镇市',124,b'1'),(360300,360000,'萍乡市',125,b'1'),(360400,360000,'九江市',126,b'1'),(360500,360000,'新余市',127,b'1'),(360600,360000,'鹰潭市',128,b'1'),(360700,360000,'赣州市',129,b'1'),(360800,360000,'吉安市',130,b'1'),(360900,360000,'宜春市',131,b'1'),(361000,360000,'抚州市',132,b'1'),(361100,360000,'上饶市',133,b'1'),(370100,370000,'济南市',134,b'1'),(370200,370000,'青岛市',135,b'1'),(370300,370000,'淄博市',136,b'1'),(370400,370000,'枣庄市',137,b'1'),(370500,370000,'东营市',138,b'1'),(370600,370000,'烟台市',139,b'1'),(370700,370000,'潍坊市',140,b'1'),(370800,370000,'济宁市',141,b'1'),(370900,370000,'泰安市',142,b'1'),(371000,370000,'威海市',143,b'1'),(371100,370000,'日照市',144,b'1'),(371200,370000,'莱芜市',145,b'1'),(371300,370000,'临沂市',146,b'1'),(371400,370000,'德州市',147,b'1'),(371500,370000,'聊城市',148,b'1'),(371600,370000,'滨州市',149,b'1'),(371700,370000,'菏泽市',150,b'1'),(410100,410000,'郑州市',151,b'1'),(410200,410000,'开封市',152,b'1'),(410300,410000,'洛阳市',153,b'1'),(410400,410000,'平顶山市',154,b'1'),(410500,410000,'安阳市',155,b'1'),(410600,410000,'鹤壁市',156,b'1'),(410700,410000,'新乡市',157,b'1'),(410800,410000,'焦作市',158,b'1'),(410881,410000,'济源市',168,b'1'),(410900,410000,'濮阳市',159,b'1'),(411000,410000,'许昌市',160,b'1'),(411100,410000,'漯河市',161,b'1'),(411200,410000,'三门峡市',162,b'1'),(411300,410000,'南阳市',163,b'1'),(411400,410000,'商丘市',164,b'1'),(411500,410000,'信阳市',165,b'1'),(411600,410000,'周口市',166,b'1'),(411700,410000,'驻马店市',167,b'1'),(420100,420000,'武汉市',169,b'1'),(420200,420000,'黄石市',170,b'1'),(420300,420000,'十堰市',171,b'1'),(420500,420000,'宜昌市',172,b'1'),(420600,420000,'襄阳市',173,b'1'),(420700,420000,'鄂州市',174,b'1'),(420800,420000,'荆门市',175,b'1'),(420900,420000,'孝感市',176,b'1'),(421000,420000,'荆州市',177,b'1'),(421100,420000,'黄冈市',178,b'1'),(421200,420000,'咸宁市',179,b'1'),(421300,420000,'随州市',180,b'1'),(422800,420000,'恩施土家族苗族自治州',181,b'1'),(429004,420000,'仙桃市',182,b'1'),(429005,420000,'潜江市',183,b'1'),(429006,420000,'天门市',184,b'1'),(429021,420000,'神农架林区',185,b'1'),(430100,430000,'长沙市',186,b'1'),(430200,430000,'株洲市',187,b'1'),(430300,430000,'湘潭市',188,b'1'),(430400,430000,'衡阳市',189,b'1'),(430500,430000,'邵阳市',190,b'1'),(430600,430000,'岳阳市',191,b'1'),(430700,430000,'常德市',192,b'1'),(430800,430000,'张家界市',193,b'1'),(430900,430000,'益阳市',194,b'1'),(431000,430000,'郴州市',195,b'1'),(431100,430000,'永州市',196,b'1'),(431200,430000,'怀化市',197,b'1'),(431300,430000,'娄底市',198,b'1'),(433100,430000,'湘西土家族苗族自治州',199,b'1'),(440100,440000,'广州市',200,b'1'),(440200,440000,'韶关市',201,b'1'),(440300,440000,'深圳市',202,b'1'),(440400,440000,'珠海市',203,b'1'),(440500,440000,'汕头市',204,b'1'),(440600,440000,'佛山市',205,b'1'),(440700,440000,'江门市',206,b'1'),(440800,440000,'湛江市',207,b'1'),(440900,440000,'茂名市',208,b'1'),(441200,440000,'肇庆市',209,b'1'),(441300,440000,'惠州市',210,b'1'),(441400,440000,'梅州市',211,b'1'),(441500,440000,'汕尾市',212,b'1'),(441600,440000,'河源市',213,b'1'),(441700,440000,'阳江市',214,b'1'),(441800,440000,'清远市',215,b'1'),(441900,440000,'东莞市',216,b'1'),(442000,440000,'中山市',217,b'1'),(442101,440000,'东沙群岛',218,b'1'),(445100,440000,'潮州市',219,b'1'),(445200,440000,'揭阳市',220,b'1'),(445300,440000,'云浮市',221,b'1'),(450100,450000,'南宁市',222,b'1'),(450200,450000,'柳州市',223,b'1'),(450300,450000,'桂林市',224,b'1'),(450400,450000,'梧州市',225,b'1'),(450500,450000,'北海市',226,b'1'),(450600,450000,'防城港市',227,b'1'),(450700,450000,'钦州市',228,b'1'),(450800,450000,'贵港市',229,b'1'),(450900,450000,'玉林市',230,b'1'),(451000,450000,'百色市',231,b'1'),(451100,450000,'贺州市',232,b'1'),(451200,450000,'河池市',233,b'1'),(451300,450000,'来宾市',234,b'1'),(451400,450000,'崇左市',235,b'1'),(460100,460000,'海口市',236,b'1'),(460200,460000,'三亚市',237,b'1'),(460300,460000,'三沙市',238,b'1'),(469001,460000,'五指山市',239,b'1'),(469002,460000,'琼海市',240,b'1'),(469003,460000,'儋州市',241,b'1'),(469005,460000,'文昌市',242,b'1'),(469006,460000,'万宁市',243,b'1'),(469007,460000,'东方市',244,b'1'),(469025,460000,'定安县',245,b'1'),(469026,460000,'屯昌县',246,b'1'),(469027,460000,'澄迈县',247,b'1'),(469028,460000,'临高县',248,b'1'),(469030,460000,'白沙黎族自治县',249,b'1'),(469031,460000,'昌江黎族自治县',250,b'1'),(469033,460000,'乐东黎族自治县',251,b'1'),(469034,460000,'陵水黎族自治县',252,b'1'),(469035,460000,'保亭黎族苗族自治县',253,b'1'),(500100,500000,'重庆市',254,b'1'),(510100,510000,'成都市',255,b'1'),(510300,510000,'自贡市',256,b'1'),(510400,510000,'攀枝花市',257,b'1'),(510500,510000,'泸州市',258,b'1'),(510600,510000,'德阳市',259,b'1'),(510700,510000,'绵阳市',260,b'1'),(510800,510000,'广元市',261,b'1'),(510900,510000,'遂宁市',262,b'1'),(511000,510000,'内江市',263,b'1'),(511100,510000,'乐山市',264,b'1'),(511300,510000,'南充市',265,b'1'),(511400,510000,'眉山市',266,b'1'),(511500,510000,'宜宾市',267,b'1'),(511600,510000,'广安市',268,b'1'),(511700,510000,'达州市',269,b'1'),(511800,510000,'雅安市',270,b'1'),(511900,510000,'巴中市',271,b'1'),(512000,510000,'资阳市',272,b'1'),(513200,510000,'阿坝藏族羌族自治州',273,b'1'),(513300,510000,'甘孜藏族自治州',274,b'1'),(513400,510000,'凉山彝族自治州',275,b'1'),(520100,520000,'贵阳市',276,b'1'),(520200,520000,'六盘水市',277,b'1'),(520300,520000,'遵义市',278,b'1'),(520400,520000,'安顺市',279,b'1'),(522200,520000,'铜仁市',281,b'1'),(522300,520000,'黔西南布依族苗族自治州',282,b'1'),(522400,520000,'毕节市',280,b'1'),(522600,520000,'黔东南苗族侗族自治州',283,b'1'),(522700,520000,'黔南布依族苗族自治州',284,b'1'),(530100,530000,'昆明市',285,b'1'),(530300,530000,'曲靖市',286,b'1'),(530400,530000,'玉溪市',287,b'1'),(530500,530000,'保山市',288,b'1'),(530600,530000,'昭通市',289,b'1'),(530700,530000,'丽江市',290,b'1'),(530800,530000,'普洱市',291,b'1'),(530900,530000,'临沧市',292,b'1'),(532300,530000,'楚雄彝族自治州',293,b'1'),(532500,530000,'红河哈尼族彝族自治州',294,b'1'),(532600,530000,'文山壮族苗族自治州',295,b'1'),(532800,530000,'西双版纳傣族自治州',296,b'1'),(532900,530000,'大理白族自治州',297,b'1'),(533100,530000,'德宏傣族景颇族自治州',298,b'1'),(533300,530000,'怒江傈僳族自治州',299,b'1'),(533400,530000,'迪庆藏族自治州',300,b'1'),(540100,540000,'拉萨市',301,b'1'),(542100,540000,'昌都地区',302,b'1'),(542200,540000,'山南地区',303,b'1'),(542300,540000,'日喀则地区',304,b'1'),(542400,540000,'那曲地区',305,b'1'),(542500,540000,'阿里地区',306,b'1'),(542600,540000,'林芝地区',307,b'1'),(610100,610000,'西安市',308,b'1'),(610200,610000,'铜川市',309,b'1'),(610300,610000,'宝鸡市',310,b'1'),(610400,610000,'咸阳市',311,b'1'),(610500,610000,'渭南市',312,b'1'),(610600,610000,'延安市',313,b'1'),(610700,610000,'汉中市',314,b'1'),(610800,610000,'榆林市',315,b'1'),(610900,610000,'安康市',316,b'1'),(611000,610000,'商洛市',317,b'1'),(620100,620000,'兰州市',318,b'1'),(620300,620000,'金昌市',319,b'1'),(620400,620000,'白银市',320,b'1'),(620500,620000,'天水市',321,b'1'),(620600,620000,'武威市',322,b'1'),(620700,620000,'张掖市',323,b'1'),(620800,620000,'平凉市',324,b'1'),(620900,620000,'酒泉市',325,b'1'),(621000,620000,'庆阳市',326,b'1'),(621100,620000,'定西市',327,b'1'),(621200,620000,'陇南市',328,b'1'),(622900,620000,'临夏回族自治州',329,b'1'),(623000,620000,'甘南藏族自治州',330,b'1'),(630100,630000,'西宁市',331,b'1'),(632100,630000,'海东市',332,b'1'),(632200,630000,'海北藏族自治州',333,b'1'),(632300,630000,'黄南藏族自治州',334,b'1'),(632500,630000,'海南藏族自治州',335,b'1'),(632600,630000,'果洛藏族自治州',336,b'1'),(632700,630000,'玉树藏族自治州',337,b'1'),(632800,630000,'海西蒙古族藏族自治州',338,b'1'),(640100,640000,'银川市',339,b'1'),(640200,640000,'石嘴山市',340,b'1'),(640300,640000,'吴忠市',341,b'1'),(640400,640000,'固原市',342,b'1'),(640500,640000,'中卫市',343,b'1'),(650100,650000,'乌鲁木齐市',344,b'1'),(650200,650000,'克拉玛依市',345,b'1'),(652100,650000,'吐鲁番地区',346,b'1'),(652200,650000,'哈密地区',347,b'1'),(652300,650000,'昌吉回族自治州',348,b'1'),(652700,650000,'博尔塔拉蒙古自治州',349,b'1'),(652800,650000,'巴音郭楞蒙古自治州',350,b'1'),(652900,650000,'阿克苏地区',351,b'1'),(653000,650000,'克孜勒苏柯尔克孜自治州',352,b'1'),(653100,650000,'喀什地区',353,b'1'),(653200,650000,'和田地区',354,b'1'),(654000,650000,'伊犁哈萨克自治州',355,b'1'),(654200,650000,'塔城地区',356,b'1'),(654300,650000,'阿勒泰地区',357,b'1'),(659001,650000,'石河子市',358,b'1'),(659002,650000,'阿拉尔市',359,b'1'),(659003,650000,'图木舒克市',360,b'1');

# SY_区县
DROP TABLE IF EXISTS `sys_county`;
CREATE TABLE `sys_county` (
  `id` int(11) NOT NULL DEFAULT '0' COMMENT 'id',
  `province_id` int(6) DEFAULT '0' COMMENT '省ID',
  `city_id` int(6) DEFAULT '0' COMMENT '市ID',
  `country_name` varchar(60) DEFAULT '' COMMENT '名称',
  `sort` int(11) DEFAULT '0' COMMENT '顺序',
  `valid` bit(1) DEFAULT b'1' COMMENT '是否有效',
  PRIMARY KEY (`id`)
) ENGINE=InnoDB DEFAULT CHARSET=utf8 COMMENT='SY_区县';
#data for sys_county
INSERT INTO `sys_county` VALUES (110101,110000,110100,'东城区',1,b'1'),(110102,110000,110100,'西城区',2,b'1'),(110105,110000,110100,'朝阳区',3,b'1'),(110106,110000,110100,'丰台区',4,b'1'),(110107,110000,110100,'石景山区',5,b'1'),(110108,110000,110100,'海淀区',6,b'1'),(110109,110000,110100,'门头沟区',7,b'1'),(110111,110000,110100,'房山区',8,b'1'),(110112,110000,110100,'通州区',9,b'1'),(110113,110000,110100,'顺义区',10,b'1'),(110114,110000,110100,'昌平区',11,b'1'),(110115,110000,110100,'大兴区',12,b'1'),(110116,110000,110100,'怀柔区',13,b'1'),(110117,110000,110100,'平谷区',14,b'1'),(110228,110000,110100,'密云县',15,b'1'),(110229,110000,110100,'延庆县',16,b'1'),(120101,120000,120100,'和平区',17,b'1'),(120102,120000,120100,'河东区',18,b'1'),(120103,120000,120100,'河西区',19,b'1'),(120104,120000,120100,'南开区',20,b'1'),(120105,120000,120100,'河北区',21,b'1'),(120106,120000,120100,'红桥区',22,b'1'),(120110,120000,120100,'东丽区',23,b'1'),(120111,120000,120100,'西青区',24,b'1'),(120112,120000,120100,'津南区',25,b'1'),(120113,120000,120100,'北辰区',26,b'1'),(120114,120000,120100,'武清区',27,b'1'),(120115,120000,120100,'宝坻区',28,b'1'),(120116,120000,120100,'滨海新区',29,b'1'),(120221,120000,120100,'宁河县',30,b'1'),(120223,120000,120100,'静海县',31,b'1'),(120225,120000,120100,'蓟县',32,b'1'),(130102,130000,130100,'长安区',33,b'1'),(130103,130000,130100,'桥东区',34,b'1'),(130104,130000,130100,'桥西区',35,b'1'),(130105,130000,130100,'新华区',36,b'1'),(130107,130000,130100,'井陉矿区',37,b'1'),(130108,130000,130100,'裕华区',38,b'1'),(130121,130000,130100,'井陉县',39,b'1'),(130123,130000,130100,'正定县',40,b'1'),(130124,130000,130100,'栾城县',41,b'1'),(130125,130000,130100,'行唐县',42,b'1'),(130126,130000,130100,'灵寿县',43,b'1'),(130127,130000,130100,'高邑县',44,b'1'),(130128,130000,130100,'深泽县',45,b'1'),(130129,130000,130100,'赞皇县',46,b'1'),(130130,130000,130100,'无极县',47,b'1'),(130131,130000,130100,'平山县',48,b'1'),(130132,130000,130100,'元氏县',49,b'1'),(130133,130000,130100,'赵县',50,b'1'),(130181,130000,130100,'辛集市',51,b'1'),(130182,130000,130100,'藁城市',52,b'1'),(130183,130000,130100,'晋州市',53,b'1'),(130184,130000,130100,'新乐市',54,b'1'),(130185,130000,130100,'鹿泉市',55,b'1'),(130202,130000,130200,'路南区',56,b'1'),(130203,130000,130200,'路北区',57,b'1'),(130204,130000,130200,'古冶区',58,b'1'),(130205,130000,130200,'开平区',59,b'1'),(130207,130000,130200,'丰南区',60,b'1'),(130208,130000,130200,'丰润区',61,b'1'),(130223,130000,130200,'滦县',63,b'1'),(130224,130000,130200,'滦南县',64,b'1'),(130225,130000,130200,'乐亭县',65,b'1'),(130227,130000,130200,'迁西县',66,b'1'),(130229,130000,130200,'玉田县',67,b'1'),(130230,130000,130200,'曹妃甸区',62,b'1'),(130281,130000,130200,'遵化市',68,b'1'),(130283,130000,130200,'迁安市',69,b'1'),(130302,130000,130300,'海港区',70,b'1'),(130303,130000,130300,'山海关区',71,b'1'),(130304,130000,130300,'北戴河区',72,b'1'),(130321,130000,130300,'青龙满族自治县',73,b'1'),(130322,130000,130300,'昌黎县',74,b'1'),(130323,130000,130300,'抚宁县',75,b'1'),(130324,130000,130300,'卢龙县',76,b'1'),(130402,130000,130400,'邯山区',77,b'1'),(130403,130000,130400,'丛台区',78,b'1'),(130404,130000,130400,'复兴区',79,b'1'),(130406,130000,130400,'峰峰矿区',80,b'1'),(130421,130000,130400,'邯郸县',81,b'1'),(130423,130000,130400,'临漳县',82,b'1'),(130424,130000,130400,'成安县',83,b'1'),(130425,130000,130400,'大名县',84,b'1'),(130426,130000,130400,'涉县',85,b'1'),(130427,130000,130400,'磁县',86,b'1'),(130428,130000,130400,'肥乡县',87,b'1'),(130429,130000,130400,'永年县',88,b'1'),(130430,130000,130400,'邱县',89,b'1'),(130431,130000,130400,'鸡泽县',90,b'1'),(130432,130000,130400,'广平县',91,b'1'),(130433,130000,130400,'馆陶县',92,b'1'),(130434,130000,130400,'魏县',93,b'1'),(130435,130000,130400,'曲周县',94,b'1'),(130481,130000,130400,'武安市',95,b'1'),(130502,130000,130500,'桥东区',96,b'1'),(130503,130000,130500,'桥西区',97,b'1'),(130521,130000,130500,'邢台县',98,b'1'),(130522,130000,130500,'临城县',99,b'1'),(130523,130000,130500,'内丘县',100,b'1'),(130524,130000,130500,'柏乡县',101,b'1'),(130525,130000,130500,'隆尧县',102,b'1'),(130526,130000,130500,'任县',103,b'1'),(130527,130000,130500,'南和县',104,b'1'),(130528,130000,130500,'宁晋县',105,b'1'),(130529,130000,130500,'巨鹿县',106,b'1'),(130530,130000,130500,'新河县',107,b'1'),(130531,130000,130500,'广宗县',108,b'1'),(130532,130000,130500,'平乡县',109,b'1'),(130533,130000,130500,'威县',110,b'1'),(130534,130000,130500,'清河县',111,b'1'),(130535,130000,130500,'临西县',112,b'1'),(130581,130000,130500,'南宫市',113,b'1'),(130582,130000,130500,'沙河市',114,b'1'),(130602,130000,130600,'新市区',115,b'1'),(130603,130000,130600,'北市区',116,b'1'),(130604,130000,130600,'南市区',117,b'1'),(130621,130000,130600,'满城县',118,b'1'),(130622,130000,130600,'清苑县',119,b'1'),(130623,130000,130600,'涞水县',120,b'1'),(130624,130000,130600,'阜平县',121,b'1'),(130625,130000,130600,'徐水县',122,b'1'),(130626,130000,130600,'定兴县',123,b'1'),(130627,130000,130600,'唐县',124,b'1'),(130628,130000,130600,'高阳县',125,b'1'),(130629,130000,130600,'容城县',126,b'1'),(130630,130000,130600,'涞源县',127,b'1'),(130631,130000,130600,'望都县',128,b'1'),(130632,130000,130600,'安新县',129,b'1'),(130633,130000,130600,'易县',130,b'1'),(130634,130000,130600,'曲阳县',131,b'1'),(130635,130000,130600,'蠡县',132,b'1'),(130636,130000,130600,'顺平县',133,b'1'),(130637,130000,130600,'博野县',134,b'1'),(130638,130000,130600,'雄县',135,b'1'),(130681,130000,130600,'涿州市',136,b'1'),(130682,130000,130600,'定州市',137,b'1'),(130683,130000,130600,'安国市',138,b'1'),(130684,130000,130600,'高碑店市',139,b'1'),(130702,130000,130700,'桥东区',140,b'1'),(130703,130000,130700,'桥西区',141,b'1'),(130705,130000,130700,'宣化区',142,b'1'),(130706,130000,130700,'下花园区',143,b'1'),(130721,130000,130700,'宣化县',144,b'1'),(130722,130000,130700,'张北县',145,b'1'),(130723,130000,130700,'康保县',146,b'1'),(130724,130000,130700,'沽源县',147,b'1'),(130725,130000,130700,'尚义县',148,b'1'),(130726,130000,130700,'蔚县',149,b'1'),(130727,130000,130700,'阳原县',150,b'1'),(130728,130000,130700,'怀安县',151,b'1'),(130729,130000,130700,'万全县',152,b'1'),(130730,130000,130700,'怀来县',153,b'1'),(130731,130000,130700,'涿鹿县',154,b'1'),(130732,130000,130700,'赤城县',155,b'1'),(130733,130000,130700,'崇礼县',156,b'1'),(130802,130000,130800,'双桥区',157,b'1'),(130803,130000,130800,'双滦区',158,b'1'),(130804,130000,130800,'鹰手营子矿区',159,b'1'),(130821,130000,130800,'承德县',160,b'1'),(130822,130000,130800,'兴隆县',161,b'1'),(130823,130000,130800,'平泉县',162,b'1'),(130824,130000,130800,'滦平县',163,b'1'),(130825,130000,130800,'隆化县',164,b'1'),(130826,130000,130800,'丰宁满族自治县',165,b'1'),(130827,130000,130800,'宽城满族自治县',166,b'1'),(130828,130000,130800,'围场满族蒙古族自治县',167,b'1'),(130902,130000,130900,'新华区',168,b'1'),(130903,130000,130900,'运河区',169,b'1'),(130921,130000,130900,'沧县',170,b'1'),(130922,130000,130900,'青县',171,b'1'),(130923,130000,130900,'东光县',172,b'1'),(130924,130000,130900,'海兴县',173,b'1'),(130925,130000,130900,'盐山县',174,b'1'),(130926,130000,130900,'肃宁县',175,b'1'),(130927,130000,130900,'南皮县',176,b'1'),(130928,130000,130900,'吴桥县',177,b'1'),(130929,130000,130900,'献县',178,b'1'),(130930,130000,130900,'孟村回族自治县',179,b'1'),(130981,130000,130900,'泊头市',180,b'1'),(130982,130000,130900,'任丘市',181,b'1'),(130983,130000,130900,'黄骅市',182,b'1'),(130984,130000,130900,'河间市',183,b'1'),(131002,130000,131000,'安次区',184,b'1'),(131003,130000,131000,'广阳区',185,b'1'),(131022,130000,131000,'固安县',186,b'1'),(131023,130000,131000,'永清县',187,b'1'),(131024,130000,131000,'香河县',188,b'1'),(131025,130000,131000,'大城县',189,b'1'),(131026,130000,131000,'文安县',190,b'1'),(131028,130000,131000,'大厂回族自治县',191,b'1'),(131081,130000,131000,'霸州市',192,b'1'),(131082,130000,131000,'三河市',193,b'1'),(131102,130000,131100,'桃城区',194,b'1'),(131121,130000,131100,'枣强县',195,b'1'),(131122,130000,131100,'武邑县',196,b'1'),(131123,130000,131100,'武强县',197,b'1'),(131124,130000,131100,'饶阳县',198,b'1'),(131125,130000,131100,'安平县',199,b'1'),(131126,130000,131100,'故城县',200,b'1'),(131127,130000,131100,'景县',201,b'1'),(131128,130000,131100,'阜城县',202,b'1'),(131181,130000,131100,'冀州市',203,b'1'),(131182,130000,131100,'深州市',204,b'1'),(140105,140000,140100,'小店区',205,b'1'),(140106,140000,140100,'迎泽区',206,b'1'),(140107,140000,140100,'杏花岭区',207,b'1'),(140108,140000,140100,'尖草坪区',208,b'1'),(140109,140000,140100,'万柏林区',209,b'1'),(140110,140000,140100,'晋源区',210,b'1'),(140121,140000,140100,'清徐县',211,b'1'),(140122,140000,140100,'阳曲县',212,b'1'),(140123,140000,140100,'娄烦县',213,b'1'),(140181,140000,140100,'古交市',214,b'1'),(140202,140000,140200,'城区',215,b'1'),(140203,140000,140200,'矿区',216,b'1'),(140211,140000,140200,'南郊区',217,b'1'),(140212,140000,140200,'新荣区',218,b'1'),(140221,140000,140200,'阳高县',219,b'1'),(140222,140000,140200,'天镇县',220,b'1'),(140223,140000,140200,'广灵县',221,b'1'),(140224,140000,140200,'灵丘县',222,b'1'),(140225,140000,140200,'浑源县',223,b'1'),(140226,140000,140200,'左云县',224,b'1'),(140227,140000,140200,'大同县',225,b'1'),(140302,140000,140300,'城区',226,b'1'),(140303,140000,140300,'矿区',227,b'1'),(140311,140000,140300,'郊区',228,b'1'),(140321,140000,140300,'平定县',229,b'1'),(140322,140000,140300,'盂县',230,b'1'),(140421,140000,140400,'长治县',233,b'1'),(140423,140000,140400,'襄垣县',234,b'1'),(140424,140000,140400,'屯留县',235,b'1'),(140425,140000,140400,'平顺县',236,b'1'),(140426,140000,140400,'黎城县',237,b'1'),(140427,140000,140400,'壶关县',238,b'1'),(140428,140000,140400,'长子县',239,b'1'),(140429,140000,140400,'武乡县',240,b'1'),(140430,140000,140400,'沁县',241,b'1'),(140431,140000,140400,'沁源县',242,b'1'),(140481,140000,140400,'潞城市',243,b'1'),(140482,140000,140400,'城区',231,b'1'),(140483,140000,140400,'郊区',232,b'1'),(140502,140000,140500,'城区',244,b'1'),(140521,140000,140500,'沁水县',245,b'1'),(140522,140000,140500,'阳城县',246,b'1'),(140524,140000,140500,'陵川县',247,b'1'),(140525,140000,140500,'泽州县',248,b'1'),(140581,140000,140500,'高平市',249,b'1'),(140602,140000,140600,'朔城区',250,b'1'),(140603,140000,140600,'平鲁区',251,b'1'),(140621,140000,140600,'山阴县',252,b'1'),(140622,140000,140600,'应县',253,b'1'),(140623,140000,140600,'右玉县',254,b'1'),(140624,140000,140600,'怀仁县',255,b'1'),(140702,140000,140700,'榆次区',256,b'1'),(140721,140000,140700,'榆社县',257,b'1'),(140722,140000,140700,'左权县',258,b'1'),(140723,140000,140700,'和顺县',259,b'1'),(140724,140000,140700,'昔阳县',260,b'1'),(140725,140000,140700,'寿阳县',261,b'1'),(140726,140000,140700,'太谷县',262,b'1'),(140727,140000,140700,'祁县',263,b'1'),(140728,140000,140700,'平遥县',264,b'1'),(140729,140000,140700,'灵石县',265,b'1'),(140781,140000,140700,'介休市',266,b'1'),(140802,140000,140800,'盐湖区',267,b'1'),(140821,140000,140800,'临猗县',268,b'1'),(140822,140000,140800,'万荣县',269,b'1'),(140823,140000,140800,'闻喜县',270,b'1'),(140824,140000,140800,'稷山县',271,b'1'),(140825,140000,140800,'新绛县',272,b'1'),(140826,140000,140800,'绛县',273,b'1'),(140827,140000,140800,'垣曲县',274,b'1'),(140828,140000,140800,'夏县',275,b'1'),(140829,140000,140800,'平陆县',276,b'1'),(140830,140000,140800,'芮城县',277,b'1'),(140881,140000,140800,'永济市',278,b'1'),(140882,140000,140800,'河津市',279,b'1'),(140902,140000,140900,'忻府区',280,b'1'),(140921,140000,140900,'定襄县',281,b'1'),(140922,140000,140900,'五台县',282,b'1'),(140923,140000,140900,'代县',283,b'1'),(140924,140000,140900,'繁峙县',284,b'1'),(140925,140000,140900,'宁武县',285,b'1'),(140926,140000,140900,'静乐县',286,b'1'),(140927,140000,140900,'神池县',287,b'1'),(140928,140000,140900,'五寨县',288,b'1'),(140929,140000,140900,'岢岚县',289,b'1'),(140930,140000,140900,'河曲县',290,b'1'),(140931,140000,140900,'保德县',291,b'1'),(140932,140000,140900,'偏关县',292,b'1'),(140981,140000,140900,'原平市',293,b'1'),(141002,140000,141000,'尧都区',294,b'1'),(141021,140000,141000,'曲沃县',295,b'1'),(141022,140000,141000,'翼城县',296,b'1'),(141023,140000,141000,'襄汾县',297,b'1'),(141024,140000,141000,'洪洞县',298,b'1'),(141025,140000,141000,'古县',299,b'1'),(141026,140000,141000,'安泽县',300,b'1'),(141027,140000,141000,'浮山县',301,b'1'),(141028,140000,141000,'吉县',302,b'1'),(141029,140000,141000,'乡宁县',303,b'1'),(141030,140000,141000,'大宁县',304,b'1'),(141031,140000,141000,'隰县',305,b'1'),(141032,140000,141000,'永和县',306,b'1'),(141033,140000,141000,'蒲县',307,b'1'),(141034,140000,141000,'汾西县',308,b'1'),(141081,140000,141000,'侯马市',309,b'1'),(141082,140000,141000,'霍州市',310,b'1'),(141102,140000,141100,'离石区',311,b'1'),(141121,140000,141100,'文水县',312,b'1'),(141122,140000,141100,'交城县',313,b'1'),(141123,140000,141100,'兴县',314,b'1'),(141124,140000,141100,'临县',315,b'1'),(141125,140000,141100,'柳林县',316,b'1'),(141126,140000,141100,'石楼县',317,b'1'),(141127,140000,141100,'岚县',318,b'1'),(141128,140000,141100,'方山县',319,b'1'),(141129,140000,141100,'中阳县',320,b'1'),(141130,140000,141100,'交口县',321,b'1'),(141181,140000,141100,'孝义市',322,b'1'),(141182,140000,141100,'汾阳市',323,b'1'),(150102,150000,150100,'新城区',324,b'1'),(150103,150000,150100,'回民区',325,b'1'),(150104,150000,150100,'玉泉区',326,b'1'),(150105,150000,150100,'赛罕区',327,b'1'),(150121,150000,150100,'土默特左旗',328,b'1'),(150122,150000,150100,'托克托县',329,b'1'),(150123,150000,150100,'和林格尔县',330,b'1'),(150124,150000,150100,'清水河县',331,b'1'),(150125,150000,150100,'武川县',332,b'1'),(150202,150000,150200,'东河区',333,b'1'),(150203,150000,150200,'昆都仑区',334,b'1'),(150204,150000,150200,'青山区',335,b'1'),(150205,150000,150200,'石拐区',336,b'1'),(150206,150000,150200,'白云鄂博矿区',337,b'1'),(150207,150000,150200,'九原区',338,b'1'),(150221,150000,150200,'土默特右旗',339,b'1'),(150222,150000,150200,'固阳县',340,b'1'),(150223,150000,150200,'达尔罕茂明安联合旗',341,b'1'),(150302,150000,150300,'海勃湾区',342,b'1'),(150303,150000,150300,'海南区',343,b'1'),(150304,150000,150300,'乌达区',344,b'1'),(150402,150000,150400,'红山区',345,b'1'),(150403,150000,150400,'元宝山区',346,b'1'),(150404,150000,150400,'松山区',347,b'1'),(150421,150000,150400,'阿鲁科尔沁旗',348,b'1'),(150422,150000,150400,'巴林左旗',349,b'1'),(150423,150000,150400,'巴林右旗',350,b'1'),(150424,150000,150400,'林西县',351,b'1'),(150425,150000,150400,'克什克腾旗',352,b'1'),(150426,150000,150400,'翁牛特旗',353,b'1'),(150428,150000,150400,'喀喇沁旗',354,b'1'),(150429,150000,150400,'宁城县',355,b'1'),(150430,150000,150400,'敖汉旗',356,b'1'),(150502,150000,150500,'科尔沁区',357,b'1'),(150521,150000,150500,'科尔沁左翼中旗',358,b'1'),(150522,150000,150500,'科尔沁左翼后旗',359,b'1'),(150523,150000,150500,'开鲁县',360,b'1'),(150524,150000,150500,'库伦旗',361,b'1'),(150525,150000,150500,'奈曼旗',362,b'1'),(150526,150000,150500,'扎鲁特旗',363,b'1'),(150581,150000,150500,'霍林郭勒市',364,b'1'),(150602,150000,150600,'东胜区',365,b'1'),(150621,150000,150600,'达拉特旗',366,b'1'),(150622,150000,150600,'准格尔旗',367,b'1'),(150623,150000,150600,'鄂托克前旗',368,b'1'),(150624,150000,150600,'鄂托克旗',369,b'1'),(150625,150000,150600,'杭锦旗',370,b'1'),(150626,150000,150600,'乌审旗',371,b'1'),(150627,150000,150600,'伊金霍洛旗',372,b'1'),(150702,150000,150700,'海拉尔区',373,b'1'),(150703,150000,150700,'扎赉诺尔区',374,b'1'),(150721,150000,150700,'阿荣旗',375,b'1'),(150722,150000,150700,'莫力达瓦达斡尔族自治旗',376,b'1'),(150723,150000,150700,'鄂伦春自治旗',377,b'1'),(150724,150000,150700,'鄂温克族自治旗',378,b'1'),(150725,150000,150700,'陈巴尔虎旗',379,b'1'),(150726,150000,150700,'新巴尔虎左旗',380,b'1'),(150727,150000,150700,'新巴尔虎右旗',381,b'1'),(150781,150000,150700,'满洲里市',382,b'1'),(150782,150000,150700,'牙克石市',383,b'1'),(150783,150000,150700,'扎兰屯市',384,b'1'),(150784,150000,150700,'额尔古纳市',385,b'1'),(150785,150000,150700,'根河市',386,b'1'),(150802,150000,150800,'临河区',387,b'1'),(150821,150000,150800,'五原县',388,b'1'),(150822,150000,150800,'磴口县',389,b'1'),(150823,150000,150800,'乌拉特前旗',390,b'1'),(150824,150000,150800,'乌拉特中旗',391,b'1'),(150825,150000,150800,'乌拉特后旗',392,b'1'),(150826,150000,150800,'杭锦后旗',393,b'1'),(150902,150000,150900,'集宁区',394,b'1'),(150921,150000,150900,'卓资县',395,b'1'),(150922,150000,150900,'化德县',396,b'1'),(150923,150000,150900,'商都县',397,b'1'),(150924,150000,150900,'兴和县',398,b'1'),(150925,150000,150900,'凉城县',399,b'1'),(150926,150000,150900,'察哈尔右翼前旗',400,b'1'),(150927,150000,150900,'察哈尔右翼中旗',401,b'1'),(150928,150000,150900,'察哈尔右翼后旗',402,b'1'),(150929,150000,150900,'四子王旗',403,b'1'),(150981,150000,150900,'丰镇市',404,b'1'),(152201,150000,152200,'乌兰浩特市',405,b'1'),(152202,150000,152200,'阿尔山市',406,b'1'),(152221,150000,152200,'科尔沁右翼前旗',407,b'1'),(152222,150000,152200,'科尔沁右翼中旗',408,b'1'),(152223,150000,152200,'扎赉特旗',409,b'1'),(152224,150000,152200,'突泉县',410,b'1'),(152501,150000,152500,'二连浩特市',411,b'1'),(152502,150000,152500,'锡林浩特市',412,b'1'),(152522,150000,152500,'阿巴嘎旗',413,b'1'),(152523,150000,152500,'苏尼特左旗',414,b'1'),(152524,150000,152500,'苏尼特右旗',415,b'1'),(152525,150000,152500,'东乌珠穆沁旗',416,b'1'),(152526,150000,152500,'西乌珠穆沁旗',417,b'1'),(152527,150000,152500,'太仆寺旗',418,b'1'),(152528,150000,152500,'镶黄旗',419,b'1'),(152529,150000,152500,'正镶白旗',420,b'1'),(152530,150000,152500,'正蓝旗',421,b'1'),(152531,150000,152500,'多伦县',422,b'1'),(152921,150000,152900,'阿拉善左旗',423,b'1'),(152922,150000,152900,'阿拉善右旗',424,b'1'),(152923,150000,152900,'额济纳旗',425,b'1'),(210102,210000,210100,'和平区',426,b'1'),(210103,210000,210100,'沈河区',427,b'1'),(210104,210000,210100,'大东区',428,b'1'),(210105,210000,210100,'皇姑区',429,b'1'),(210106,210000,210100,'铁西区',430,b'1'),(210111,210000,210100,'苏家屯区',431,b'1'),(210112,210000,210100,'东陵区',432,b'1'),(210114,210000,210100,'于洪区',434,b'1'),(210122,210000,210100,'辽中县',435,b'1'),(210123,210000,210100,'康平县',436,b'1'),(210124,210000,210100,'法库县',437,b'1'),(210181,210000,210100,'新民市',438,b'1'),(210184,210000,210100,'沈北新区',433,b'1'),(210202,210000,210200,'中山区',439,b'1'),(210203,210000,210200,'西岗区',440,b'1'),(210204,210000,210200,'沙河口区',441,b'1'),(210211,210000,210200,'甘井子区',442,b'1'),(210212,210000,210200,'旅顺口区',443,b'1'),(210213,210000,210200,'金州区',444,b'1'),(210224,210000,210200,'长海县',445,b'1'),(210281,210000,210200,'瓦房店市',446,b'1'),(210282,210000,210200,'普兰店市',447,b'1'),(210283,210000,210200,'庄河市',448,b'1'),(210302,210000,210300,'铁东区',449,b'1'),(210303,210000,210300,'铁西区',450,b'1'),(210304,210000,210300,'立山区',451,b'1'),(210311,210000,210300,'千山区',452,b'1'),(210321,210000,210300,'台安县',453,b'1'),(210323,210000,210300,'岫岩满族自治县',454,b'1'),(210381,210000,210300,'海城市',455,b'1'),(210402,210000,210400,'新抚区',456,b'1'),(210403,210000,210400,'东洲区',457,b'1'),(210404,210000,210400,'望花区',458,b'1'),(210411,210000,210400,'顺城区',459,b'1'),(210421,210000,210400,'抚顺县',460,b'1'),(210422,210000,210400,'新宾满族自治县',461,b'1'),(210423,210000,210400,'清原满族自治县',462,b'1'),(210502,210000,210500,'平山区',463,b'1'),(210503,210000,210500,'溪湖区',464,b'1'),(210504,210000,210500,'明山区',465,b'1'),(210505,210000,210500,'南芬区',466,b'1'),(210521,210000,210500,'本溪满族自治县',467,b'1'),(210522,210000,210500,'桓仁满族自治县',468,b'1'),(210602,210000,210600,'元宝区',469,b'1'),(210603,210000,210600,'振兴区',470,b'1'),(210604,210000,210600,'振安区',471,b'1'),(210624,210000,210600,'宽甸满族自治县',472,b'1'),(210681,210000,210600,'东港市',473,b'1'),(210682,210000,210600,'凤城市',474,b'1'),(210702,210000,210700,'古塔区',475,b'1'),(210703,210000,210700,'凌河区',476,b'1'),(210711,210000,210700,'太和区',477,b'1'),(210726,210000,210700,'黑山县',478,b'1'),(210727,210000,210700,'义县',479,b'1'),(210781,210000,210700,'凌海市',480,b'1'),(210782,210000,210700,'北镇市',481,b'1'),(210802,210000,210800,'站前区',482,b'1'),(210803,210000,210800,'西市区',483,b'1'),(210804,210000,210800,'鲅鱼圈区',484,b'1'),(210811,210000,210800,'老边区',485,b'1'),(210881,210000,210800,'盖州市',486,b'1'),(210882,210000,210800,'大石桥市',487,b'1'),(210902,210000,210900,'海州区',488,b'1'),(210903,210000,210900,'新邱区',489,b'1'),(210904,210000,210900,'太平区',490,b'1'),(210905,210000,210900,'清河门区',491,b'1'),(210911,210000,210900,'细河区',492,b'1'),(210921,210000,210900,'阜新蒙古族自治县',493,b'1'),(210922,210000,210900,'彰武县',494,b'1'),(211002,210000,211000,'白塔区',495,b'1'),(211003,210000,211000,'文圣区',496,b'1'),(211004,210000,211000,'宏伟区',497,b'1'),(211005,210000,211000,'弓长岭区',498,b'1'),(211011,210000,211000,'太子河区',499,b'1'),(211021,210000,211000,'辽阳县',500,b'1'),(211081,210000,211000,'灯塔市',501,b'1'),(211102,210000,211100,'双台子区',502,b'1'),(211103,210000,211100,'兴隆台区',503,b'1'),(211121,210000,211100,'大洼县',504,b'1'),(211122,210000,211100,'盘山县',505,b'1'),(211202,210000,211200,'银州区',506,b'1'),(211204,210000,211200,'清河区',507,b'1'),(211221,210000,211200,'铁岭县',508,b'1'),(211223,210000,211200,'西丰县',509,b'1'),(211224,210000,211200,'昌图县',510,b'1'),(211281,210000,211200,'调兵山市',511,b'1'),(211282,210000,211200,'开原市',512,b'1'),(211302,210000,211300,'双塔区',513,b'1'),(211303,210000,211300,'龙城区',514,b'1'),(211321,210000,211300,'朝阳县',515,b'1'),(211322,210000,211300,'建平县',516,b'1'),(211324,210000,211300,'喀喇沁左翼蒙古族自治县',517,b'1'),(211381,210000,211300,'北票市',518,b'1'),(211382,210000,211300,'凌源市',519,b'1'),(211402,210000,211400,'连山区',520,b'1'),(211403,210000,211400,'龙港区',521,b'1'),(211404,210000,211400,'南票区',522,b'1'),(211421,210000,211400,'绥中县',523,b'1'),(211422,210000,211400,'建昌县',524,b'1'),(211481,210000,211400,'兴城市',525,b'1'),(220102,220000,220100,'南关区',526,b'1'),(220103,220000,220100,'宽城区',527,b'1'),(220104,220000,220100,'朝阳区',528,b'1'),(220105,220000,220100,'二道区',529,b'1'),(220106,220000,220100,'绿园区',530,b'1'),(220112,220000,220100,'双阳区',531,b'1'),(220122,220000,220100,'农安县',532,b'1'),(220181,220000,220100,'九台市',533,b'1'),(220182,220000,220100,'榆树市',534,b'1'),(220183,220000,220100,'德惠市',535,b'1'),(220202,220000,220200,'昌邑区',536,b'1'),(220203,220000,220200,'龙潭区',537,b'1'),(220204,220000,220200,'船营区',538,b'1'),(220211,220000,220200,'丰满区',539,b'1'),(220221,220000,220200,'永吉县',540,b'1'),(220281,220000,220200,'蛟河市',541,b'1'),(220282,220000,220200,'桦甸市',542,b'1'),(220283,220000,220200,'舒兰市',543,b'1'),(220284,220000,220200,'磐石市',544,b'1'),(220302,220000,220300,'铁西区',545,b'1'),(220303,220000,220300,'铁东区',546,b'1'),(220322,220000,220300,'梨树县',547,b'1'),(220323,220000,220300,'伊通满族自治县',548,b'1'),(220381,220000,220300,'公主岭市',549,b'1'),(220382,220000,220300,'双辽市',550,b'1'),(220402,220000,220400,'龙山区',551,b'1'),(220403,220000,220400,'西安区',552,b'1'),(220421,220000,220400,'东丰县',553,b'1'),(220422,220000,220400,'东辽县',554,b'1'),(220502,220000,220500,'东昌区',555,b'1'),(220503,220000,220500,'二道江区',556,b'1'),(220521,220000,220500,'通化县',557,b'1'),(220523,220000,220500,'辉南县',558,b'1'),(220524,220000,220500,'柳河县',559,b'1'),(220581,220000,220500,'梅河口市',560,b'1'),(220582,220000,220500,'集安市',561,b'1'),(220602,220000,220600,'浑江区',562,b'1'),(220621,220000,220600,'抚松县',564,b'1'),(220622,220000,220600,'靖宇县',565,b'1'),(220623,220000,220600,'长白朝鲜族自治县',566,b'1'),(220625,220000,220600,'江源区',563,b'1'),(220681,220000,220600,'临江市',567,b'1'),(220702,220000,220700,'宁江区',568,b'1'),(220721,220000,220700,'前郭尔罗斯蒙古族自治县',569,b'1'),(220722,220000,220700,'长岭县',570,b'1'),(220723,220000,220700,'乾安县',571,b'1'),(220724,220000,220700,'扶余市',572,b'1'),(220802,220000,220800,'洮北区',573,b'1'),(220821,220000,220800,'镇赉县',574,b'1'),(220822,220000,220800,'通榆县',575,b'1'),(220881,220000,220800,'洮南市',576,b'1'),(220882,220000,220800,'大安市',577,b'1'),(222401,220000,222400,'延吉市',578,b'1'),(222402,220000,222400,'图们市',579,b'1'),(222403,220000,222400,'敦化市',580,b'1'),(222404,220000,222400,'珲春市',581,b'1'),(222405,220000,222400,'龙井市',582,b'1'),(222406,220000,222400,'和龙市',583,b'1'),(222424,220000,222400,'汪清县',584,b'1'),(222426,220000,222400,'安图县',585,b'1'),(230102,230000,230100,'道里区',586,b'1'),(230103,230000,230100,'南岗区',587,b'1'),(230104,230000,230100,'道外区',588,b'1'),(230106,230000,230100,'香坊区',591,b'1'),(230108,230000,230100,'平房区',589,b'1'),(230109,230000,230100,'松北区',590,b'1'),(230111,230000,230100,'呼兰区',592,b'1'),(230123,230000,230100,'依兰县',594,b'1'),(230124,230000,230100,'方正县',595,b'1'),(230125,230000,230100,'宾县',596,b'1'),(230126,230000,230100,'巴彦县',597,b'1'),(230127,230000,230100,'木兰县',598,b'1'),(230128,230000,230100,'通河县',599,b'1'),(230129,230000,230100,'延寿县',600,b'1'),(230181,230000,230100,'阿城区',593,b'1'),(230182,230000,230100,'双城市',601,b'1'),(230183,230000,230100,'尚志市',602,b'1'),(230184,230000,230100,'五常市',603,b'1'),(230202,230000,230200,'龙沙区',604,b'1'),(230203,230000,230200,'建华区',605,b'1'),(230204,230000,230200,'铁锋区',606,b'1'),(230205,230000,230200,'昂昂溪区',607,b'1'),(230206,230000,230200,'富拉尔基区',608,b'1'),(230207,230000,230200,'碾子山区',609,b'1'),(230208,230000,230200,'梅里斯达斡尔族区',610,b'1'),(230221,230000,230200,'龙江县',611,b'1'),(230223,230000,230200,'依安县',612,b'1'),(230224,230000,230200,'泰来县',613,b'1'),(230225,230000,230200,'甘南县',614,b'1'),(230227,230000,230200,'富裕县',615,b'1'),(230229,230000,230200,'克山县',616,b'1'),(230230,230000,230200,'克东县',617,b'1'),(230231,230000,230200,'拜泉县',618,b'1'),(230281,230000,230200,'讷河市',619,b'1'),(230302,230000,230300,'鸡冠区',620,b'1'),(230303,230000,230300,'恒山区',621,b'1'),(230304,230000,230300,'滴道区',622,b'1'),(230305,230000,230300,'梨树区',623,b'1'),(230306,230000,230300,'城子河区',624,b'1'),(230307,230000,230300,'麻山区',625,b'1'),(230321,230000,230300,'鸡东县',626,b'1'),(230381,230000,230300,'虎林市',627,b'1'),(230382,230000,230300,'密山市',628,b'1'),(230402,230000,230400,'向阳区',629,b'1'),(230403,230000,230400,'工农区',630,b'1'),(230404,230000,230400,'南山区',631,b'1'),(230405,230000,230400,'兴安区',632,b'1'),(230406,230000,230400,'东山区',633,b'1'),(230407,230000,230400,'兴山区',634,b'1'),(230421,230000,230400,'萝北县',635,b'1'),(230422,230000,230400,'绥滨县',636,b'1'),(230502,230000,230500,'尖山区',637,b'1'),(230503,230000,230500,'岭东区',638,b'1'),(230505,230000,230500,'四方台区',639,b'1'),(230506,230000,230500,'宝山区',640,b'1'),(230521,230000,230500,'集贤县',641,b'1'),(230522,230000,230500,'友谊县',642,b'1'),(230523,230000,230500,'宝清县',643,b'1'),(230524,230000,230500,'饶河县',644,b'1'),(230602,230000,230600,'萨尔图区',645,b'1'),(230603,230000,230600,'龙凤区',646,b'1'),(230604,230000,230600,'让胡路区',647,b'1'),(230605,230000,230600,'红岗区',648,b'1'),(230606,230000,230600,'大同区',649,b'1'),(230621,230000,230600,'肇州县',650,b'1'),(230622,230000,230600,'肇源县',651,b'1'),(230623,230000,230600,'林甸县',652,b'1'),(230624,230000,230600,'杜尔伯特蒙古族自治县',653,b'1'),(230702,230000,230700,'伊春区',654,b'1'),(230703,230000,230700,'南岔区',655,b'1'),(230704,230000,230700,'友好区',656,b'1'),(230705,230000,230700,'西林区',657,b'1'),(230706,230000,230700,'翠峦区',658,b'1'),(230707,230000,230700,'新青区',659,b'1'),(230708,230000,230700,'美溪区',660,b'1'),(230709,230000,230700,'金山屯区',661,b'1'),(230710,230000,230700,'五营区',662,b'1'),(230711,230000,230700,'乌马河区',663,b'1'),(230712,230000,230700,'汤旺河区',664,b'1'),(230713,230000,230700,'带岭区',665,b'1'),(230714,230000,230700,'乌伊岭区',666,b'1'),(230715,230000,230700,'红星区',667,b'1'),(230716,230000,230700,'上甘岭区',668,b'1'),(230722,230000,230700,'嘉荫县',669,b'1'),(230781,230000,230700,'铁力市',670,b'1'),(230803,230000,230800,'向阳区',671,b'1'),(230804,230000,230800,'前进区',672,b'1'),(230805,230000,230800,'东风区',673,b'1'),(230811,230000,230800,'郊区',674,b'1'),(230822,230000,230800,'桦南县',675,b'1'),(230826,230000,230800,'桦川县',676,b'1'),(230828,230000,230800,'汤原县',677,b'1'),(230833,230000,230800,'抚远县',678,b'1'),(230881,230000,230800,'同江市',679,b'1'),(230882,230000,230800,'富锦市',680,b'1'),(230902,230000,230900,'新兴区',681,b'1'),(230903,230000,230900,'桃山区',682,b'1'),(230904,230000,230900,'茄子河区',683,b'1'),(230921,230000,230900,'勃利县',684,b'1'),(231002,230000,231000,'东安区',685,b'1'),(231003,230000,231000,'阳明区',686,b'1'),(231004,230000,231000,'爱民区',687,b'1'),(231005,230000,231000,'西安区',688,b'1'),(231024,230000,231000,'东宁县',689,b'1'),(231025,230000,231000,'林口县',690,b'1'),(231081,230000,231000,'绥芬河市',691,b'1'),(231083,230000,231000,'海林市',692,b'1'),(231084,230000,231000,'宁安市',693,b'1'),(231085,230000,231000,'穆棱市',694,b'1'),(231102,230000,231100,'爱辉区',695,b'1'),(231121,230000,231100,'嫩江县',696,b'1'),(231123,230000,231100,'逊克县',697,b'1'),(231124,230000,231100,'孙吴县',698,b'1'),(231181,230000,231100,'北安市',699,b'1'),(231182,230000,231100,'五大连池市',700,b'1'),(231202,230000,231200,'北林区',701,b'1'),(231221,230000,231200,'望奎县',702,b'1'),(231222,230000,231200,'兰西县',703,b'1'),(231223,230000,231200,'青冈县',704,b'1'),(231224,230000,231200,'庆安县',705,b'1'),(231225,230000,231200,'明水县',706,b'1'),(231226,230000,231200,'绥棱县',707,b'1'),(231281,230000,231200,'安达市',708,b'1'),(231282,230000,231200,'肇东市',709,b'1'),(231283,230000,231200,'海伦市',710,b'1'),(232702,230000,232700,'松岭区',712,b'1'),(232703,230000,232700,'新林区',713,b'1'),(232704,230000,232700,'呼中区',714,b'1'),(232721,230000,232700,'呼玛县',715,b'1'),(232722,230000,232700,'塔河县',716,b'1'),(232723,230000,232700,'漠河县',717,b'1'),(232724,230000,232700,'加格达奇区',711,b'1'),(310101,310000,310100,'黄浦区',718,b'1'),(310104,310000,310100,'徐汇区',719,b'1'),(310105,310000,310100,'长宁区',720,b'1'),(310106,310000,310100,'静安区',721,b'1'),(310107,310000,310100,'普陀区',722,b'1'),(310108,310000,310100,'闸北区',723,b'1'),(310109,310000,310100,'虹口区',724,b'1'),(310110,310000,310100,'杨浦区',725,b'1'),(310112,310000,310100,'闵行区',726,b'1'),(310113,310000,310100,'宝山区',727,b'1'),(310114,310000,310100,'嘉定区',728,b'1'),(310115,310000,310100,'浦东新区',729,b'1'),(310116,310000,310100,'金山区',730,b'1'),(310117,310000,310100,'松江区',731,b'1'),(310118,310000,310100,'青浦区',732,b'1'),(310120,310000,310100,'奉贤区',733,b'1'),(310230,310000,310100,'崇明县',734,b'1'),(320102,320000,320100,'玄武区',735,b'1'),(320104,320000,320100,'秦淮区',736,b'1'),(320105,320000,320100,'建邺区',737,b'1'),(320106,320000,320100,'鼓楼区',738,b'1'),(320111,320000,320100,'浦口区',739,b'1'),(320113,320000,320100,'栖霞区',740,b'1'),(320114,320000,320100,'雨花台区',741,b'1'),(320115,320000,320100,'江宁区',742,b'1'),(320116,320000,320100,'六合区',743,b'1'),(320124,320000,320100,'溧水区',744,b'1'),(320125,320000,320100,'高淳区',745,b'1'),(320202,320000,320200,'崇安区',746,b'1'),(320203,320000,320200,'南长区',747,b'1'),(320204,320000,320200,'北塘区',748,b'1'),(320205,320000,320200,'锡山区',749,b'1'),(320206,320000,320200,'惠山区',750,b'1'),(320211,320000,320200,'滨湖区',751,b'1'),(320281,320000,320200,'江阴市',752,b'1'),(320282,320000,320200,'宜兴市',753,b'1'),(320302,320000,320300,'鼓楼区',754,b'1'),(320303,320000,320300,'云龙区',755,b'1'),(320305,320000,320300,'贾汪区',756,b'1'),(320311,320000,320300,'泉山区',757,b'1'),(320321,320000,320300,'丰县',759,b'1'),(320322,320000,320300,'沛县',760,b'1'),(320323,320000,320300,'铜山区',758,b'1'),(320324,320000,320300,'睢宁县',761,b'1'),(320381,320000,320300,'新沂市',762,b'1'),(320382,320000,320300,'邳州市',763,b'1'),(320402,320000,320400,'天宁区',764,b'1'),(320404,320000,320400,'钟楼区',765,b'1'),(320405,320000,320400,'戚墅堰区',766,b'1'),(320411,320000,320400,'新北区',767,b'1'),(320412,320000,320400,'武进区',768,b'1'),(320481,320000,320400,'溧阳市',769,b'1'),(320482,320000,320400,'金坛市',770,b'1'),(320505,320000,320500,'虎丘区',771,b'1'),(320506,320000,320500,'吴中区',772,b'1'),(320507,320000,320500,'相城区',773,b'1'),(320508,320000,320500,'姑苏区',774,b'1'),(320581,320000,320500,'常熟市',776,b'1'),(320582,320000,320500,'张家港市',777,b'1'),(320583,320000,320500,'昆山市',778,b'1'),(320584,320000,320500,'吴江区',775,b'1'),(320585,320000,320500,'太仓市',779,b'1'),(320602,320000,320600,'崇川区',780,b'1'),(320611,320000,320600,'港闸区',781,b'1'),(320612,320000,320600,'通州区',782,b'1'),(320621,320000,320600,'海安县',783,b'1'),(320623,320000,320600,'如东县',784,b'1'),(320681,320000,320600,'启东市',785,b'1'),(320682,320000,320600,'如皋市',786,b'1'),(320684,320000,320600,'海门市',787,b'1'),(320703,320000,320700,'连云区',788,b'1'),(320705,320000,320700,'新浦区',789,b'1'),(320706,320000,320700,'海州区',790,b'1'),(320721,320000,320700,'赣榆县',791,b'1'),(320722,320000,320700,'东海县',792,b'1'),(320723,320000,320700,'灌云县',793,b'1'),(320724,320000,320700,'灌南县',794,b'1'),(320802,320000,320800,'清河区',795,b'1'),(320803,320000,320800,'淮安区',796,b'1'),(320804,320000,320800,'淮阴区',797,b'1'),(320811,320000,320800,'清浦区',798,b'1'),(320826,320000,320800,'涟水县',799,b'1'),(320829,320000,320800,'洪泽县',800,b'1'),(320830,320000,320800,'盱眙县',801,b'1'),(320831,320000,320800,'金湖县',802,b'1'),(320902,320000,320900,'亭湖区',803,b'1'),(320903,320000,320900,'盐都区',804,b'1'),(320921,320000,320900,'响水县',805,b'1'),(320922,320000,320900,'滨海县',806,b'1'),(320923,320000,320900,'阜宁县',807,b'1'),(320924,320000,320900,'射阳县',808,b'1'),(320925,320000,320900,'建湖县',809,b'1'),(320981,320000,320900,'东台市',810,b'1'),(320982,320000,320900,'大丰市',811,b'1'),(321002,320000,321000,'广陵区',812,b'1'),(321003,320000,321000,'邗江区',813,b'1'),(321023,320000,321000,'宝应县',815,b'1'),(321081,320000,321000,'仪征市',816,b'1'),(321084,320000,321000,'高邮市',817,b'1'),(321088,320000,321000,'江都区',814,b'1'),(321102,320000,321100,'京口区',818,b'1'),(321111,320000,321100,'润州区',819,b'1'),(321112,320000,321100,'丹徒区',820,b'1'),(321181,320000,321100,'丹阳市',821,b'1'),(321182,320000,321100,'扬中市',822,b'1'),(321183,320000,321100,'句容市',823,b'1'),(321202,320000,321200,'海陵区',824,b'1'),(321203,320000,321200,'高港区',825,b'1'),(321281,320000,321200,'兴化市',827,b'1'),(321282,320000,321200,'靖江市',828,b'1'),(321283,320000,321200,'泰兴市',829,b'1'),(321284,320000,321200,'姜堰区',826,b'1'),(321302,320000,321300,'宿城区',830,b'1'),(321311,320000,321300,'宿豫区',831,b'1'),(321322,320000,321300,'沭阳县',832,b'1'),(321323,320000,321300,'泗阳县',833,b'1'),(321324,320000,321300,'泗洪县',834,b'1'),(330102,330000,330100,'上城区',835,b'1'),(330103,330000,330100,'下城区',836,b'1'),(330104,330000,330100,'江干区',837,b'1'),(330105,330000,330100,'拱墅区',838,b'1'),(330106,330000,330100,'西湖区',839,b'1'),(330108,330000,330100,'滨江区',840,b'1'),(330109,330000,330100,'萧山区',841,b'1'),(330110,330000,330100,'余杭区',842,b'1'),(330122,330000,330100,'桐庐县',843,b'1'),(330127,330000,330100,'淳安县',844,b'1'),(330182,330000,330100,'建德市',845,b'1'),(330183,330000,330100,'富阳市',846,b'1'),(330185,330000,330100,'临安市',847,b'1'),(330203,330000,330200,'海曙区',848,b'1'),(330204,330000,330200,'江东区',849,b'1'),(330205,330000,330200,'江北区',850,b'1'),(330206,330000,330200,'北仑区',851,b'1'),(330211,330000,330200,'镇海区',852,b'1'),(330212,330000,330200,'鄞州区',853,b'1'),(330225,330000,330200,'象山县',854,b'1'),(330226,330000,330200,'宁海县',855,b'1'),(330281,330000,330200,'余姚市',856,b'1'),(330282,330000,330200,'慈溪市',857,b'1'),(330283,330000,330200,'奉化市',858,b'1'),(330302,330000,330300,'鹿城区',859,b'1'),(330303,330000,330300,'龙湾区',860,b'1'),(330304,330000,330300,'瓯海区',861,b'1'),(330322,330000,330300,'洞头县',862,b'1'),(330324,330000,330300,'永嘉县',863,b'1'),(330326,330000,330300,'平阳县',864,b'1'),(330327,330000,330300,'苍南县',865,b'1'),(330328,330000,330300,'文成县',866,b'1'),(330329,330000,330300,'泰顺县',867,b'1'),(330381,330000,330300,'瑞安市',868,b'1'),(330382,330000,330300,'乐清市',869,b'1'),(330402,330000,330400,'南湖区',870,b'1'),(330411,330000,330400,'秀洲区',871,b'1'),(330421,330000,330400,'嘉善县',872,b'1'),(330424,330000,330400,'海盐县',873,b'1'),(330481,330000,330400,'海宁市',874,b'1'),(330482,330000,330400,'平湖市',875,b'1'),(330483,330000,330400,'桐乡市',876,b'1'),(330502,330000,330500,'吴兴区',877,b'1'),(330503,330000,330500,'南浔区',878,b'1'),(330521,330000,330500,'德清县',879,b'1'),(330522,330000,330500,'长兴县',880,b'1'),(330523,330000,330500,'安吉县',881,b'1'),(330602,330000,330600,'越城区',882,b'1'),(330621,330000,330600,'绍兴县',883,b'1'),(330624,330000,330600,'新昌县',884,b'1'),(330681,330000,330600,'诸暨市',885,b'1'),(330682,330000,330600,'上虞市',886,b'1'),(330683,330000,330600,'嵊州市',887,b'1'),(330702,330000,330700,'婺城区',888,b'1'),(330703,330000,330700,'金东区',889,b'1'),(330723,330000,330700,'武义县',890,b'1'),(330726,330000,330700,'浦江县',891,b'1'),(330727,330000,330700,'磐安县',892,b'1'),(330781,330000,330700,'兰溪市',893,b'1'),(330782,330000,330700,'义乌市',894,b'1'),(330783,330000,330700,'东阳市',895,b'1'),(330784,330000,330700,'永康市',896,b'1'),(330802,330000,330800,'柯城区',897,b'1'),(330803,330000,330800,'衢江区',898,b'1'),(330822,330000,330800,'常山县',899,b'1'),(330824,330000,330800,'开化县',900,b'1'),(330825,330000,330800,'龙游县',901,b'1'),(330881,330000,330800,'江山市',902,b'1'),(330902,330000,330900,'定海区',903,b'1'),(330903,330000,330900,'普陀区',904,b'1'),(330921,330000,330900,'岱山县',905,b'1'),(330922,330000,330900,'嵊泗县',906,b'1'),(331002,330000,331000,'椒江区',907,b'1'),(331003,330000,331000,'黄岩区',908,b'1'),(331004,330000,331000,'路桥区',909,b'1'),(331021,330000,331000,'玉环县',910,b'1'),(331022,330000,331000,'三门县',911,b'1'),(331023,330000,331000,'天台县',912,b'1'),(331024,330000,331000,'仙居县',913,b'1'),(331081,330000,331000,'温岭市',914,b'1'),(331082,330000,331000,'临海市',915,b'1'),(331102,330000,331100,'莲都区',916,b'1'),(331121,330000,331100,'青田县',917,b'1'),(331122,330000,331100,'缙云县',918,b'1'),(331123,330000,331100,'遂昌县',919,b'1'),(331124,330000,331100,'松阳县',920,b'1'),(331125,330000,331100,'云和县',921,b'1'),(331126,330000,331100,'庆元县',922,b'1'),(331127,330000,331100,'景宁畲族自治县',923,b'1'),(331181,330000,331100,'龙泉市',924,b'1'),(340102,340000,340100,'瑶海区',925,b'1'),(340103,340000,340100,'庐阳区',926,b'1'),(340104,340000,340100,'蜀山区',927,b'1'),(340111,340000,340100,'包河区',928,b'1'),(340121,340000,340100,'长丰县',929,b'1'),(340122,340000,340100,'肥东县',930,b'1'),(340123,340000,340100,'肥西县',931,b'1'),(340202,340000,340200,'镜湖区',934,b'1'),(340203,340000,340200,'弋江区',935,b'1'),(340207,340000,340200,'鸠江区',936,b'1'),(340208,340000,340200,'三山区',937,b'1'),(340221,340000,340200,'芜湖县',938,b'1'),(340222,340000,340200,'繁昌县',939,b'1'),(340223,340000,340200,'南陵县',940,b'1'),(340302,340000,340300,'龙子湖区',942,b'1'),(340303,340000,340300,'蚌山区',943,b'1'),(340304,340000,340300,'禹会区',944,b'1'),(340311,340000,340300,'淮上区',945,b'1'),(340321,340000,340300,'怀远县',946,b'1'),(340322,340000,340300,'五河县',947,b'1'),(340323,340000,340300,'固镇县',948,b'1'),(340402,340000,340400,'大通区',949,b'1'),(340403,340000,340400,'田家庵区',950,b'1'),(340404,340000,340400,'谢家集区',951,b'1'),(340405,340000,340400,'八公山区',952,b'1'),(340406,340000,340400,'潘集区',953,b'1'),(340421,340000,340400,'凤台县',954,b'1'),(340503,340000,340500,'花山区',955,b'1'),(340504,340000,340500,'雨山区',956,b'1'),(340506,340000,340500,'博望区',957,b'1'),(340521,340000,340500,'当涂县',958,b'1'),(340602,340000,340600,'杜集区',961,b'1'),(340603,340000,340600,'相山区',962,b'1'),(340604,340000,340600,'烈山区',963,b'1'),(340621,340000,340600,'濉溪县',964,b'1'),(340702,340000,340700,'铜官山区',965,b'1'),(340703,340000,340700,'狮子山区',966,b'1'),(340711,340000,340700,'郊区',967,b'1'),(340721,340000,340700,'铜陵县',968,b'1'),(340802,340000,340800,'迎江区',969,b'1'),(340803,340000,340800,'大观区',970,b'1'),(340811,340000,340800,'宜秀区',971,b'1'),(340822,340000,340800,'怀宁县',972,b'1'),(340823,340000,340800,'枞阳县',973,b'1'),(340824,340000,340800,'潜山县',974,b'1'),(340825,340000,340800,'太湖县',975,b'1'),(340826,340000,340800,'宿松县',976,b'1'),(340827,340000,340800,'望江县',977,b'1'),(340828,340000,340800,'岳西县',978,b'1'),(340881,340000,340800,'桐城市',979,b'1'),(341002,340000,341000,'屯溪区',980,b'1'),(341003,340000,341000,'黄山区',981,b'1'),(341004,340000,341000,'徽州区',982,b'1'),(341021,340000,341000,'歙县',983,b'1'),(341022,340000,341000,'休宁县',984,b'1'),(341023,340000,341000,'黟县',985,b'1'),(341024,340000,341000,'祁门县',986,b'1'),(341102,340000,341100,'琅琊区',987,b'1'),(341103,340000,341100,'南谯区',988,b'1'),(341122,340000,341100,'来安县',989,b'1'),(341124,340000,341100,'全椒县',990,b'1'),(341125,340000,341100,'定远县',991,b'1'),(341126,340000,341100,'凤阳县',992,b'1'),(341181,340000,341100,'天长市',993,b'1'),(341182,340000,341100,'明光市',994,b'1'),(341202,340000,341200,'颍州区',995,b'1'),(341203,340000,341200,'颍东区',996,b'1'),(341204,340000,341200,'颍泉区',997,b'1'),(341221,340000,341200,'临泉县',998,b'1'),(341222,340000,341200,'太和县',999,b'1'),(341225,340000,341200,'阜南县',1000,b'1'),(341226,340000,341200,'颍上县',1001,b'1'),(341282,340000,341200,'界首市',1002,b'1'),(341302,340000,341300,'埇桥区',1003,b'1'),(341321,340000,341300,'砀山县',1004,b'1'),(341322,340000,341300,'萧县',1005,b'1'),(341323,340000,341300,'灵璧县',1006,b'1'),(341324,340000,341300,'泗县',1007,b'1'),(341400,340000,340100,'巢湖市',933,b'1'),(341421,340000,340100,'庐江县',932,b'1'),(341422,340000,340200,'无为县',941,b'1'),(341423,340000,340500,'含山县',959,b'1'),(341424,340000,340500,'和县',960,b'1'),(341502,340000,341500,'金安区',1008,b'1'),(341503,340000,341500,'裕安区',1009,b'1'),(341521,340000,341500,'寿县',1010,b'1'),(341522,340000,341500,'霍邱县',1011,b'1'),(341523,340000,341500,'舒城县',1012,b'1'),(341524,340000,341500,'金寨县',1013,b'1'),(341525,340000,341500,'霍山县',1014,b'1'),(341602,340000,341600,'谯城区',1015,b'1'),(341621,340000,341600,'涡阳县',1016,b'1'),(341622,340000,341600,'蒙城县',1017,b'1'),(341623,340000,341600,'利辛县',1018,b'1'),(341702,340000,341700,'贵池区',1019,b'1'),(341721,340000,341700,'东至县',1020,b'1'),(341722,340000,341700,'石台县',1021,b'1'),(341723,340000,341700,'青阳县',1022,b'1'),(341802,340000,341800,'宣州区',1023,b'1'),(341821,340000,341800,'郎溪县',1024,b'1'),(341822,340000,341800,'广德县',1025,b'1'),(341823,340000,341800,'泾县',1026,b'1'),(341824,340000,341800,'绩溪县',1027,b'1'),(341825,340000,341800,'旌德县',1028,b'1'),(341881,340000,341800,'宁国市',1029,b'1'),(350102,350000,350100,'鼓楼区',1030,b'1'),(350103,350000,350100,'台江区',1031,b'1'),(350104,350000,350100,'仓山区',1032,b'1'),(350105,350000,350100,'马尾区',1033,b'1'),(350111,350000,350100,'晋安区',1034,b'1'),(350121,350000,350100,'闽侯县',1035,b'1'),(350122,350000,350100,'连江县',1036,b'1'),(350123,350000,350100,'罗源县',1037,b'1'),(350124,350000,350100,'闽清县',1038,b'1'),(350125,350000,350100,'永泰县',1039,b'1'),(350128,350000,350100,'平潭县',1040,b'1'),(350181,350000,350100,'福清市',1041,b'1'),(350182,350000,350100,'长乐市',1042,b'1'),(350203,350000,350200,'思明区',1043,b'1'),(350205,350000,350200,'海沧区',1044,b'1'),(350206,350000,350200,'湖里区',1045,b'1'),(350211,350000,350200,'集美区',1046,b'1'),(350212,350000,350200,'同安区',1047,b'1'),(350213,350000,350200,'翔安区',1048,b'1'),(350302,350000,350300,'城厢区',1049,b'1'),(350303,350000,350300,'涵江区',1050,b'1'),(350304,350000,350300,'荔城区',1051,b'1'),(350305,350000,350300,'秀屿区',1052,b'1'),(350322,350000,350300,'仙游县',1053,b'1'),(350402,350000,350400,'梅列区',1054,b'1'),(350403,350000,350400,'三元区',1055,b'1'),(350421,350000,350400,'明溪县',1056,b'1'),(350423,350000,350400,'清流县',1057,b'1'),(350424,350000,350400,'宁化县',1058,b'1'),(350425,350000,350400,'大田县',1059,b'1'),(350426,350000,350400,'尤溪县',1060,b'1'),(350427,350000,350400,'沙县',1061,b'1'),(350428,350000,350400,'将乐县',1062,b'1'),(350429,350000,350400,'泰宁县',1063,b'1'),(350430,350000,350400,'建宁县',1064,b'1'),(350481,350000,350400,'永安市',1065,b'1'),(350502,350000,350500,'鲤城区',1066,b'1'),(350503,350000,350500,'丰泽区',1067,b'1'),(350504,350000,350500,'洛江区',1068,b'1'),(350505,350000,350500,'泉港区',1069,b'1'),(350521,350000,350500,'惠安县',1070,b'1'),(350524,350000,350500,'安溪县',1071,b'1'),(350525,350000,350500,'永春县',1072,b'1'),(350526,350000,350500,'德化县',1073,b'1'),(350527,350000,350500,'金门县',1074,b'1'),(350581,350000,350500,'石狮市',1075,b'1'),(350582,350000,350500,'晋江市',1076,b'1'),(350583,350000,350500,'南安市',1077,b'1'),(350602,350000,350600,'芗城区',1078,b'1'),(350603,350000,350600,'龙文区',1079,b'1'),(350622,350000,350600,'云霄县',1080,b'1'),(350623,350000,350600,'漳浦县',1081,b'1'),(350624,350000,350600,'诏安县',1082,b'1'),(350625,350000,350600,'长泰县',1083,b'1'),(350626,350000,350600,'东山县',1084,b'1'),(350627,350000,350600,'南靖县',1085,b'1'),(350628,350000,350600,'平和县',1086,b'1'),(350629,350000,350600,'华安县',1087,b'1'),(350681,350000,350600,'龙海市',1088,b'1'),(350702,350000,350700,'延平区',1089,b'1'),(350721,350000,350700,'顺昌县',1090,b'1'),(350722,350000,350700,'浦城县',1091,b'1'),(350723,350000,350700,'光泽县',1092,b'1'),(350724,350000,350700,'松溪县',1093,b'1'),(350725,350000,350700,'政和县',1094,b'1'),(350781,350000,350700,'邵武市',1095,b'1'),(350782,350000,350700,'武夷山市',1096,b'1'),(350783,350000,350700,'建瓯市',1097,b'1'),(350784,350000,350700,'建阳市',1098,b'1'),(350802,350000,350800,'新罗区',1099,b'1'),(350821,350000,350800,'长汀县',1100,b'1'),(350822,350000,350800,'永定县',1101,b'1'),(350823,350000,350800,'上杭县',1102,b'1'),(350824,350000,350800,'武平县',1103,b'1'),(350825,350000,350800,'连城县',1104,b'1'),(350881,350000,350800,'漳平市',1105,b'1'),(350902,350000,350900,'蕉城区',1106,b'1'),(350921,350000,350900,'霞浦县',1107,b'1'),(350922,350000,350900,'古田县',1108,b'1'),(350923,350000,350900,'屏南县',1109,b'1'),(350924,350000,350900,'寿宁县',1110,b'1'),(350925,350000,350900,'周宁县',1111,b'1'),(350926,350000,350900,'柘荣县',1112,b'1'),(350981,350000,350900,'福安市',1113,b'1'),(350982,350000,350900,'福鼎市',1114,b'1'),(360102,360000,360100,'东湖区',1115,b'1'),(360103,360000,360100,'西湖区',1116,b'1'),(360104,360000,360100,'青云谱区',1117,b'1'),(360105,360000,360100,'湾里区',1118,b'1'),(360111,360000,360100,'青山湖区',1119,b'1'),(360121,360000,360100,'南昌县',1120,b'1'),(360122,360000,360100,'新建县',1121,b'1'),(360123,360000,360100,'安义县',1122,b'1'),(360124,360000,360100,'进贤县',1123,b'1'),(360202,360000,360200,'昌江区',1124,b'1'),(360203,360000,360200,'珠山区',1125,b'1'),(360222,360000,360200,'浮梁县',1126,b'1'),(360281,360000,360200,'乐平市',1127,b'1'),(360302,360000,360300,'安源区',1128,b'1'),(360313,360000,360300,'湘东区',1129,b'1'),(360321,360000,360300,'莲花县',1130,b'1'),(360322,360000,360300,'上栗县',1131,b'1'),(360323,360000,360300,'芦溪县',1132,b'1'),(360402,360000,360400,'庐山区',1133,b'1'),(360403,360000,360400,'浔阳区',1134,b'1'),(360421,360000,360400,'九江县',1135,b'1'),(360423,360000,360400,'武宁县',1136,b'1'),(360424,360000,360400,'修水县',1137,b'1'),(360425,360000,360400,'永修县',1138,b'1'),(360426,360000,360400,'德安县',1139,b'1'),(360427,360000,360400,'星子县',1140,b'1'),(360428,360000,360400,'都昌县',1141,b'1'),(360429,360000,360400,'湖口县',1142,b'1'),(360430,360000,360400,'彭泽县',1143,b'1'),(360481,360000,360400,'瑞昌市',1144,b'1'),(360483,360000,360400,'共青城市',1145,b'1'),(360502,360000,360500,'渝水区',1146,b'1'),(360521,360000,360500,'分宜县',1147,b'1'),(360602,360000,360600,'月湖区',1148,b'1'),(360622,360000,360600,'余江县',1149,b'1'),(360681,360000,360600,'贵溪市',1150,b'1'),(360702,360000,360700,'章贡区',1151,b'1'),(360721,360000,360700,'赣县',1152,b'1'),(360722,360000,360700,'信丰县',1153,b'1'),(360723,360000,360700,'大余县',1154,b'1'),(360724,360000,360700,'上犹县',1155,b'1'),(360725,360000,360700,'崇义县',1156,b'1'),(360726,360000,360700,'安远县',1157,b'1'),(360727,360000,360700,'龙南县',1158,b'1'),(360728,360000,360700,'定南县',1159,b'1'),(360729,360000,360700,'全南县',1160,b'1'),(360730,360000,360700,'宁都县',1161,b'1'),(360731,360000,360700,'于都县',1162,b'1'),(360732,360000,360700,'兴国县',1163,b'1'),(360733,360000,360700,'会昌县',1164,b'1'),(360734,360000,360700,'寻乌县',1165,b'1'),(360735,360000,360700,'石城县',1166,b'1'),(360781,360000,360700,'瑞金市',1167,b'1'),(360782,360000,360700,'南康市',1168,b'1'),(360802,360000,360800,'吉州区',1169,b'1'),(360803,360000,360800,'青原区',1170,b'1'),(360821,360000,360800,'吉安县',1171,b'1'),(360822,360000,360800,'吉水县',1172,b'1'),(360823,360000,360800,'峡江县',1173,b'1'),(360824,360000,360800,'新干县',1174,b'1'),(360825,360000,360800,'永丰县',1175,b'1'),(360826,360000,360800,'泰和县',1176,b'1'),(360827,360000,360800,'遂川县',1177,b'1'),(360828,360000,360800,'万安县',1178,b'1'),(360829,360000,360800,'安福县',1179,b'1'),(360830,360000,360800,'永新县',1180,b'1'),(360881,360000,360800,'井冈山市',1181,b'1'),(360902,360000,360900,'袁州区',1182,b'1'),(360921,360000,360900,'奉新县',1183,b'1'),(360922,360000,360900,'万载县',1184,b'1'),(360923,360000,360900,'上高县',1185,b'1'),(360924,360000,360900,'宜丰县',1186,b'1'),(360925,360000,360900,'靖安县',1187,b'1'),(360926,360000,360900,'铜鼓县',1188,b'1'),(360981,360000,360900,'丰城市',1189,b'1'),(360982,360000,360900,'樟树市',1190,b'1'),(360983,360000,360900,'高安市',1191,b'1'),(361002,360000,361000,'临川区',1192,b'1'),(361021,360000,361000,'南城县',1193,b'1'),(361022,360000,361000,'黎川县',1194,b'1'),(361023,360000,361000,'南丰县',1195,b'1'),(361024,360000,361000,'崇仁县',1196,b'1'),(361025,360000,361000,'乐安县',1197,b'1'),(361026,360000,361000,'宜黄县',1198,b'1'),(361027,360000,361000,'金溪县',1199,b'1'),(361028,360000,361000,'资溪县',1200,b'1'),(361029,360000,361000,'东乡县',1201,b'1'),(361030,360000,361000,'广昌县',1202,b'1'),(361102,360000,361100,'信州区',1203,b'1'),(361121,360000,361100,'上饶县',1204,b'1'),(361122,360000,361100,'广丰县',1205,b'1'),(361123,360000,361100,'玉山县',1206,b'1'),(361124,360000,361100,'铅山县',1207,b'1'),(361125,360000,361100,'横峰县',1208,b'1'),(361126,360000,361100,'弋阳县',1209,b'1'),(361127,360000,361100,'余干县',1210,b'1'),(361128,360000,361100,'鄱阳县',1211,b'1'),(361129,360000,361100,'万年县',1212,b'1'),(361130,360000,361100,'婺源县',1213,b'1'),(361181,360000,361100,'德兴市',1214,b'1'),(370102,370000,370100,'历下区',1215,b'1'),(370103,370000,370100,'市中区',1216,b'1'),(370104,370000,370100,'槐荫区',1217,b'1'),(370105,370000,370100,'天桥区',1218,b'1'),(370112,370000,370100,'历城区',1219,b'1'),(370113,370000,370100,'长清区',1220,b'1'),(370124,370000,370100,'平阴县',1221,b'1'),(370125,370000,370100,'济阳县',1222,b'1'),(370126,370000,370100,'商河县',1223,b'1'),(370181,370000,370100,'章丘市',1224,b'1'),(370202,370000,370200,'市南区',1225,b'1'),(370203,370000,370200,'市北区',1226,b'1'),(370211,370000,370200,'黄岛区',1227,b'1'),(370212,370000,370200,'崂山区',1228,b'1'),(370213,370000,370200,'李沧区',1229,b'1'),(370214,370000,370200,'城阳区',1230,b'1'),(370281,370000,370200,'胶州市',1231,b'1'),(370282,370000,370200,'即墨市',1232,b'1'),(370283,370000,370200,'平度市',1233,b'1'),(370285,370000,370200,'莱西市',1234,b'1'),(370302,370000,370300,'淄川区',1235,b'1'),(370303,370000,370300,'张店区',1236,b'1'),(370304,370000,370300,'博山区',1237,b'1'),(370305,370000,370300,'临淄区',1238,b'1'),(370306,370000,370300,'周村区',1239,b'1'),(370321,370000,370300,'桓台县',1240,b'1'),(370322,370000,370300,'高青县',1241,b'1'),(370323,370000,370300,'沂源县',1242,b'1'),(370402,370000,370400,'市中区',1243,b'1'),(370403,370000,370400,'薛城区',1244,b'1'),(370404,370000,370400,'峄城区',1245,b'1'),(370405,370000,370400,'台儿庄区',1246,b'1'),(370406,370000,370400,'山亭区',1247,b'1'),(370481,370000,370400,'滕州市',1248,b'1'),(370502,370000,370500,'东营区',1249,b'1'),(370503,370000,370500,'河口区',1250,b'1'),(370521,370000,370500,'垦利县',1251,b'1'),(370522,370000,370500,'利津县',1252,b'1'),(370523,370000,370500,'广饶县',1253,b'1'),(370602,370000,370600,'芝罘区',1254,b'1'),(370611,370000,370600,'福山区',1255,b'1'),(370612,370000,370600,'牟平区',1256,b'1'),(370613,370000,370600,'莱山区',1257,b'1'),(370634,370000,370600,'长岛县',1258,b'1'),(370681,370000,370600,'龙口市',1259,b'1'),(370682,370000,370600,'莱阳市',1260,b'1'),(370683,370000,370600,'莱州市',1261,b'1'),(370684,370000,370600,'蓬莱市',1262,b'1'),(370685,370000,370600,'招远市',1263,b'1'),(370686,370000,370600,'栖霞市',1264,b'1'),(370687,370000,370600,'海阳市',1265,b'1'),(370702,370000,370700,'潍城区',1266,b'1'),(370703,370000,370700,'寒亭区',1267,b'1'),(370704,370000,370700,'坊子区',1268,b'1'),(370705,370000,370700,'奎文区',1269,b'1'),(370724,370000,370700,'临朐县',1270,b'1'),(370725,370000,370700,'昌乐县',1271,b'1'),(370781,370000,370700,'青州市',1272,b'1'),(370782,370000,370700,'诸城市',1273,b'1'),(370783,370000,370700,'寿光市',1274,b'1'),(370784,370000,370700,'安丘市',1275,b'1'),(370785,370000,370700,'高密市',1276,b'1'),(370786,370000,370700,'昌邑市',1277,b'1'),(370802,370000,370800,'市中区',1278,b'1'),(370811,370000,370800,'任城区',1279,b'1'),(370826,370000,370800,'微山县',1280,b'1'),(370827,370000,370800,'鱼台县',1281,b'1'),(370828,370000,370800,'金乡县',1282,b'1'),(370829,370000,370800,'嘉祥县',1283,b'1'),(370830,370000,370800,'汶上县',1284,b'1'),(370831,370000,370800,'泗水县',1285,b'1'),(370832,370000,370800,'梁山县',1286,b'1'),(370881,370000,370800,'曲阜市',1287,b'1'),(370882,370000,370800,'兖州市',1288,b'1'),(370883,370000,370800,'邹城市',1289,b'1'),(370902,370000,370900,'泰山区',1290,b'1'),(370903,370000,370900,'岱岳区',1291,b'1'),(370921,370000,370900,'宁阳县',1292,b'1'),(370923,370000,370900,'东平县',1293,b'1'),(370982,370000,370900,'新泰市',1294,b'1'),(370983,370000,370900,'肥城市',1295,b'1'),(371002,370000,371000,'环翠区',1296,b'1'),(371081,370000,371000,'文登市',1297,b'1'),(371082,370000,371000,'荣成市',1298,b'1'),(371083,370000,371000,'乳山市',1299,b'1'),(371102,370000,371100,'东港区',1300,b'1'),(371103,370000,371100,'岚山区',1301,b'1'),(371121,370000,371100,'五莲县',1302,b'1'),(371122,370000,371100,'莒县',1303,b'1'),(371202,370000,371200,'莱城区',1304,b'1'),(371203,370000,371200,'钢城区',1305,b'1'),(371302,370000,371300,'兰山区',1306,b'1'),(371311,370000,371300,'罗庄区',1307,b'1'),(371312,370000,371300,'河东区',1308,b'1'),(371321,370000,371300,'沂南县',1309,b'1'),(371322,370000,371300,'郯城县',1310,b'1'),(371323,370000,371300,'沂水县',1311,b'1'),(371324,370000,371300,'苍山县',1312,b'1'),(371325,370000,371300,'费县',1313,b'1'),(371326,370000,371300,'平邑县',1314,b'1'),(371327,370000,371300,'莒南县',1315,b'1'),(371328,370000,371300,'蒙阴县',1316,b'1'),(371329,370000,371300,'临沭县',1317,b'1'),(371402,370000,371400,'德城区',1318,b'1'),(371421,370000,371400,'陵县',1319,b'1'),(371422,370000,371400,'宁津县',1320,b'1'),(371423,370000,371400,'庆云县',1321,b'1'),(371424,370000,371400,'临邑县',1322,b'1'),(371425,370000,371400,'齐河县',1323,b'1'),(371426,370000,371400,'平原县',1324,b'1'),(371427,370000,371400,'夏津县',1325,b'1'),(371428,370000,371400,'武城县',1326,b'1'),(371481,370000,371400,'乐陵市',1327,b'1'),(371482,370000,371400,'禹城市',1328,b'1'),(371502,370000,371500,'东昌府区',1329,b'1'),(371521,370000,371500,'阳谷县',1330,b'1'),(371522,370000,371500,'莘县',1331,b'1'),(371523,370000,371500,'茌平县',1332,b'1'),(371524,370000,371500,'东阿县',1333,b'1'),(371525,370000,371500,'冠县',1334,b'1'),(371526,370000,371500,'高唐县',1335,b'1'),(371581,370000,371500,'临清市',1336,b'1'),(371602,370000,371600,'滨城区',1337,b'1'),(371621,370000,371600,'惠民县',1338,b'1'),(371622,370000,371600,'阳信县',1339,b'1'),(371623,370000,371600,'无棣县',1340,b'1'),(371624,370000,371600,'沾化县',1341,b'1'),(371625,370000,371600,'博兴县',1342,b'1'),(371626,370000,371600,'邹平县',1343,b'1'),(371702,370000,371700,'牡丹区',1344,b'1'),(371721,370000,371700,'曹县',1345,b'1'),(371722,370000,371700,'单县',1346,b'1'),(371723,370000,371700,'成武县',1347,b'1'),(371724,370000,371700,'巨野县',1348,b'1'),(371725,370000,371700,'郓城县',1349,b'1'),(371726,370000,371700,'鄄城县',1350,b'1'),(371727,370000,371700,'定陶县',1351,b'1'),(371728,370000,371700,'东明县',1352,b'1'),(410102,410000,410100,'中原区',1353,b'1'),(410103,410000,410100,'二七区',1354,b'1'),(410104,410000,410100,'管城回族区',1355,b'1'),(410105,410000,410100,'金水区',1356,b'1'),(410106,410000,410100,'上街区',1357,b'1'),(410108,410000,410100,'惠济区',1358,b'1'),(410122,410000,410100,'中牟县',1359,b'1'),(410181,410000,410100,'巩义市',1360,b'1'),(410182,410000,410100,'荥阳市',1361,b'1'),(410183,410000,410100,'新密市',1362,b'1'),(410184,410000,410100,'新郑市',1363,b'1'),(410185,410000,410100,'登封市',1364,b'1'),(410202,410000,410200,'龙亭区',1365,b'1'),(410203,410000,410200,'顺河回族区',1366,b'1'),(410204,410000,410200,'鼓楼区',1367,b'1'),(410205,410000,410200,'禹王台区',1368,b'1'),(410211,410000,410200,'金明区',1369,b'1'),(410221,410000,410200,'杞县',1370,b'1'),(410222,410000,410200,'通许县',1371,b'1'),(410223,410000,410200,'尉氏县',1372,b'1'),(410224,410000,410200,'开封县',1373,b'1'),(410225,410000,410200,'兰考县',1374,b'1'),(410302,410000,410300,'老城区',1375,b'1'),(410303,410000,410300,'西工区',1376,b'1'),(410304,410000,410300,'瀍河回族区',1377,b'1'),(410305,410000,410300,'涧西区',1378,b'1'),(410306,410000,410300,'吉利区',1379,b'1'),(410307,410000,410300,'洛龙区',1380,b'1'),(410322,410000,410300,'孟津县',1381,b'1'),(410323,410000,410300,'新安县',1382,b'1'),(410324,410000,410300,'栾川县',1383,b'1'),(410325,410000,410300,'嵩县',1384,b'1'),(410326,410000,410300,'汝阳县',1385,b'1'),(410327,410000,410300,'宜阳县',1386,b'1'),(410328,410000,410300,'洛宁县',1387,b'1'),(410329,410000,410300,'伊川县',1388,b'1'),(410381,410000,410300,'偃师市',1389,b'1'),(410402,410000,410400,'新华区',1390,b'1'),(410403,410000,410400,'卫东区',1391,b'1'),(410404,410000,410400,'石龙区',1392,b'1'),(410411,410000,410400,'湛河区',1393,b'1'),(410421,410000,410400,'宝丰县',1394,b'1'),(410422,410000,410400,'叶县',1395,b'1'),(410423,410000,410400,'鲁山县',1396,b'1'),(410425,410000,410400,'郏县',1397,b'1'),(410481,410000,410400,'舞钢市',1398,b'1'),(410482,410000,410400,'汝州市',1399,b'1'),(410502,410000,410500,'文峰区',1400,b'1'),(410503,410000,410500,'北关区',1401,b'1'),(410505,410000,410500,'殷都区',1402,b'1'),(410506,410000,410500,'龙安区',1403,b'1'),(410522,410000,410500,'安阳县',1404,b'1'),(410523,410000,410500,'汤阴县',1405,b'1'),(410526,410000,410500,'滑县',1406,b'1'),(410527,410000,410500,'内黄县',1407,b'1'),(410581,410000,410500,'林州市',1408,b'1'),(410602,410000,410600,'鹤山区',1409,b'1'),(410603,410000,410600,'山城区',1410,b'1'),(410611,410000,410600,'淇滨区',1411,b'1'),(410621,410000,410600,'浚县',1412,b'1'),(410622,410000,410600,'淇县',1413,b'1'),(410702,410000,410700,'红旗区',1414,b'1'),(410703,410000,410700,'卫滨区',1415,b'1'),(410704,410000,410700,'凤泉区',1416,b'1'),(410711,410000,410700,'牧野区',1417,b'1'),(410721,410000,410700,'新乡县',1418,b'1'),(410724,410000,410700,'获嘉县',1419,b'1'),(410725,410000,410700,'原阳县',1420,b'1'),(410726,410000,410700,'延津县',1421,b'1'),(410727,410000,410700,'封丘县',1422,b'1'),(410728,410000,410700,'长垣县',1423,b'1'),(410781,410000,410700,'卫辉市',1424,b'1'),(410782,410000,410700,'辉县市',1425,b'1'),(410802,410000,410800,'解放区',1426,b'1'),(410803,410000,410800,'中站区',1427,b'1'),(410804,410000,410800,'马村区',1428,b'1'),(410811,410000,410800,'山阳区',1429,b'1'),(410821,410000,410800,'修武县',1430,b'1'),(410822,410000,410800,'博爱县',1431,b'1'),(410823,410000,410800,'武陟县',1432,b'1'),(410825,410000,410800,'温县',1433,b'1'),(410881,410000,410881,'济源市',1511,b'1'),(410882,410000,410800,'沁阳市',1434,b'1'),(410883,410000,410800,'孟州市',1435,b'1'),(410902,410000,410900,'华龙区',1436,b'1'),(410922,410000,410900,'清丰县',1437,b'1'),(410923,410000,410900,'南乐县',1438,b'1'),(410926,410000,410900,'范县',1439,b'1'),(410927,410000,410900,'台前县',1440,b'1'),(410928,410000,410900,'濮阳县',1441,b'1'),(411002,410000,411000,'魏都区',1442,b'1'),(411023,410000,411000,'许昌县',1443,b'1'),(411024,410000,411000,'鄢陵县',1444,b'1'),(411025,410000,411000,'襄城县',1445,b'1'),(411081,410000,411000,'禹州市',1446,b'1'),(411082,410000,411000,'长葛市',1447,b'1'),(411102,410000,411100,'源汇区',1448,b'1'),(411103,410000,411100,'郾城区',1449,b'1'),(411104,410000,411100,'召陵区',1450,b'1'),(411121,410000,411100,'舞阳县',1451,b'1'),(411122,410000,411100,'临颍县',1452,b'1'),(411202,410000,411200,'湖滨区',1453,b'1'),(411221,410000,411200,'渑池县',1454,b'1'),(411222,410000,411200,'陕县',1455,b'1'),(411224,410000,411200,'卢氏县',1456,b'1'),(411281,410000,411200,'义马市',1457,b'1'),(411282,410000,411200,'灵宝市',1458,b'1'),(411302,410000,411300,'宛城区',1459,b'1'),(411303,410000,411300,'卧龙区',1460,b'1'),(411321,410000,411300,'南召县',1461,b'1'),(411322,410000,411300,'方城县',1462,b'1'),(411323,410000,411300,'西峡县',1463,b'1'),(411324,410000,411300,'镇平县',1464,b'1'),(411325,410000,411300,'内乡县',1465,b'1'),(411326,410000,411300,'淅川县',1466,b'1'),(411327,410000,411300,'社旗县',1467,b'1'),(411328,410000,411300,'唐河县',1468,b'1'),(411329,410000,411300,'新野县',1469,b'1'),(411330,410000,411300,'桐柏县',1470,b'1'),(411381,410000,411300,'邓州市',1471,b'1'),(411402,410000,411400,'梁园区',1472,b'1'),(411403,410000,411400,'睢阳区',1473,b'1'),(411421,410000,411400,'民权县',1474,b'1'),(411422,410000,411400,'睢县',1475,b'1'),(411423,410000,411400,'宁陵县',1476,b'1'),(411424,410000,411400,'柘城县',1477,b'1'),(411425,410000,411400,'虞城县',1478,b'1'),(411426,410000,411400,'夏邑县',1479,b'1'),(411481,410000,411400,'永城市',1480,b'1'),(411502,410000,411500,'浉河区',1481,b'1'),(411503,410000,411500,'平桥区',1482,b'1'),(411521,410000,411500,'罗山县',1483,b'1'),(411522,410000,411500,'光山县',1484,b'1'),(411523,410000,411500,'新县',1485,b'1'),(411524,410000,411500,'商城县',1486,b'1'),(411525,410000,411500,'固始县',1487,b'1'),(411526,410000,411500,'潢川县',1488,b'1'),(411527,410000,411500,'淮滨县',1489,b'1'),(411528,410000,411500,'息县',1490,b'1'),(411602,410000,411600,'川汇区',1491,b'1'),(411621,410000,411600,'扶沟县',1492,b'1'),(411622,410000,411600,'西华县',1493,b'1'),(411623,410000,411600,'商水县',1494,b'1'),(411624,410000,411600,'沈丘县',1495,b'1'),(411625,410000,411600,'郸城县',1496,b'1'),(411626,410000,411600,'淮阳县',1497,b'1'),(411627,410000,411600,'太康县',1498,b'1'),(411628,410000,411600,'鹿邑县',1499,b'1'),(411681,410000,411600,'项城市',1500,b'1'),(411702,410000,411700,'驿城区',1501,b'1'),(411721,410000,411700,'西平县',1502,b'1'),(411722,410000,411700,'上蔡县',1503,b'1'),(411723,410000,411700,'平舆县',1504,b'1'),(411724,410000,411700,'正阳县',1505,b'1'),(411725,410000,411700,'确山县',1506,b'1'),(411726,410000,411700,'泌阳县',1507,b'1'),(411727,410000,411700,'汝南县',1508,b'1'),(411728,410000,411700,'遂平县',1509,b'1'),(411729,410000,411700,'新蔡县',1510,b'1'),(420102,420000,420100,'江岸区',1512,b'1'),(420103,420000,420100,'江汉区',1513,b'1'),(420104,420000,420100,'硚口区',1514,b'1'),(420105,420000,420100,'汉阳区',1515,b'1'),(420106,420000,420100,'武昌区',1516,b'1'),(420107,420000,420100,'青山区',1517,b'1'),(420111,420000,420100,'洪山区',1518,b'1'),(420112,420000,420100,'东西湖区',1519,b'1'),(420113,420000,420100,'汉南区',1520,b'1'),(420114,420000,420100,'蔡甸区',1521,b'1'),(420115,420000,420100,'江夏区',1522,b'1'),(420116,420000,420100,'黄陂区',1523,b'1'),(420117,420000,420100,'新洲区',1524,b'1'),(420202,420000,420200,'黄石港区',1525,b'1'),(420203,420000,420200,'西塞山区',1526,b'1'),(420204,420000,420200,'下陆区',1527,b'1'),(420205,420000,420200,'铁山区',1528,b'1'),(420222,420000,420200,'阳新县',1529,b'1'),(420281,420000,420200,'大冶市',1530,b'1'),(420302,420000,420300,'茅箭区',1531,b'1'),(420303,420000,420300,'张湾区',1532,b'1'),(420321,420000,420300,'郧县',1533,b'1'),(420322,420000,420300,'郧西县',1534,b'1'),(420323,420000,420300,'竹山县',1535,b'1'),(420324,420000,420300,'竹溪县',1536,b'1'),(420325,420000,420300,'房县',1537,b'1'),(420381,420000,420300,'丹江口市',1538,b'1'),(420502,420000,420500,'西陵区',1539,b'1'),(420503,420000,420500,'伍家岗区',1540,b'1'),(420504,420000,420500,'点军区',1541,b'1'),(420505,420000,420500,'猇亭区',1542,b'1'),(420506,420000,420500,'夷陵区',1543,b'1'),(420525,420000,420500,'远安县',1544,b'1'),(420526,420000,420500,'兴山县',1545,b'1'),(420527,420000,420500,'秭归县',1546,b'1'),(420528,420000,420500,'长阳土家族自治县',1547,b'1'),(420529,420000,420500,'五峰土家族自治县',1548,b'1'),(420581,420000,420500,'宜都市',1549,b'1'),(420582,420000,420500,'当阳市',1550,b'1'),(420583,420000,420500,'枝江市',1551,b'1'),(420602,420000,420600,'襄城区',1552,b'1'),(420606,420000,420600,'樊城区',1553,b'1'),(420607,420000,420600,'襄州区',1554,b'1'),(420624,420000,420600,'南漳县',1555,b'1'),(420625,420000,420600,'谷城县',1556,b'1'),(420626,420000,420600,'保康县',1557,b'1'),(420682,420000,420600,'老河口市',1558,b'1'),(420683,420000,420600,'枣阳市',1559,b'1'),(420684,420000,420600,'宜城市',1560,b'1'),(420702,420000,420700,'梁子湖区',1561,b'1'),(420703,420000,420700,'华容区',1562,b'1'),(420704,420000,420700,'鄂城区',1563,b'1'),(420802,420000,420800,'东宝区',1564,b'1'),(420804,420000,420800,'掇刀区',1565,b'1'),(420821,420000,420800,'京山县',1566,b'1'),(420822,420000,420800,'沙洋县',1567,b'1'),(420881,420000,420800,'钟祥市',1568,b'1'),(420902,420000,420900,'孝南区',1569,b'1'),(420921,420000,420900,'孝昌县',1570,b'1'),(420922,420000,420900,'大悟县',1571,b'1'),(420923,420000,420900,'云梦县',1572,b'1'),(420981,420000,420900,'应城市',1573,b'1'),(420982,420000,420900,'安陆市',1574,b'1'),(420984,420000,420900,'汉川市',1575,b'1'),(421002,420000,421000,'沙市区',1576,b'1'),(421003,420000,421000,'荆州区',1577,b'1'),(421022,420000,421000,'公安县',1578,b'1'),(421023,420000,421000,'监利县',1579,b'1'),(421024,420000,421000,'江陵县',1580,b'1'),(421081,420000,421000,'石首市',1581,b'1'),(421083,420000,421000,'洪湖市',1582,b'1'),(421087,420000,421000,'松滋市',1583,b'1'),(421102,420000,421100,'黄州区',1584,b'1'),(421121,420000,421100,'团风县',1585,b'1'),(421122,420000,421100,'红安县',1586,b'1'),(421123,420000,421100,'罗田县',1587,b'1'),(421124,420000,421100,'英山县',1588,b'1'),(421125,420000,421100,'浠水县',1589,b'1'),(421126,420000,421100,'蕲春县',1590,b'1'),(421127,420000,421100,'黄梅县',1591,b'1'),(421181,420000,421100,'麻城市',1592,b'1'),(421182,420000,421100,'武穴市',1593,b'1'),(421202,420000,421200,'咸安区',1594,b'1'),(421221,420000,421200,'嘉鱼县',1595,b'1'),(421222,420000,421200,'通城县',1596,b'1'),(421223,420000,421200,'崇阳县',1597,b'1'),(421224,420000,421200,'通山县',1598,b'1'),(421281,420000,421200,'赤壁市',1599,b'1'),(421302,420000,421300,'曾都区',1600,b'1'),(421321,420000,421300,'随县',1601,b'1'),(421381,420000,421300,'广水市',1602,b'1'),(422801,420000,422800,'恩施市',1603,b'1'),(422802,420000,422800,'利川市',1604,b'1'),(422822,420000,422800,'建始县',1605,b'1'),(422823,420000,422800,'巴东县',1606,b'1'),(422825,420000,422800,'宣恩县',1607,b'1'),(422826,420000,422800,'咸丰县',1608,b'1'),(422827,420000,422800,'来凤县',1609,b'1'),(422828,420000,422800,'鹤峰县',1610,b'1'),(429004,420000,429004,'仙桃市',1611,b'1'),(429005,420000,429005,'潜江市',1612,b'1'),(429006,420000,429006,'天门市',1613,b'1'),(429021,420000,429021,'神农架林区',1614,b'1'),(430102,430000,430100,'芙蓉区',1615,b'1'),(430103,430000,430100,'天心区',1616,b'1'),(430104,430000,430100,'岳麓区',1617,b'1'),(430105,430000,430100,'开福区',1618,b'1'),(430111,430000,430100,'雨花区',1619,b'1'),(430121,430000,430100,'长沙县',1621,b'1'),(430122,430000,430100,'望城区',1620,b'1'),(430124,430000,430100,'宁乡县',1622,b'1'),(430181,430000,430100,'浏阳市',1623,b'1'),(430202,430000,430200,'荷塘区',1624,b'1'),(430203,430000,430200,'芦淞区',1625,b'1'),(430204,430000,430200,'石峰区',1626,b'1'),(430211,430000,430200,'天元区',1627,b'1'),(430221,430000,430200,'株洲县',1628,b'1'),(430223,430000,430200,'攸县',1629,b'1'),(430224,430000,430200,'茶陵县',1630,b'1'),(430225,430000,430200,'炎陵县',1631,b'1'),(430281,430000,430200,'醴陵市',1632,b'1'),(430302,430000,430300,'雨湖区',1633,b'1'),(430304,430000,430300,'岳塘区',1634,b'1'),(430321,430000,430300,'湘潭县',1635,b'1'),(430381,430000,430300,'湘乡市',1636,b'1'),(430382,430000,430300,'韶山市',1637,b'1'),(430405,430000,430400,'珠晖区',1638,b'1'),(430406,430000,430400,'雁峰区',1639,b'1'),(430407,430000,430400,'石鼓区',1640,b'1'),(430408,430000,430400,'蒸湘区',1641,b'1'),(430412,430000,430400,'南岳区',1642,b'1'),(430421,430000,430400,'衡阳县',1643,b'1'),(430422,430000,430400,'衡南县',1644,b'1'),(430423,430000,430400,'衡山县',1645,b'1'),(430424,430000,430400,'衡东县',1646,b'1'),(430426,430000,430400,'祁东县',1647,b'1'),(430481,430000,430400,'耒阳市',1648,b'1'),(430482,430000,430400,'常宁市',1649,b'1'),(430502,430000,430500,'双清区',1650,b'1'),(430503,430000,430500,'大祥区',1651,b'1'),(430511,430000,430500,'北塔区',1652,b'1'),(430521,430000,430500,'邵东县',1653,b'1'),(430522,430000,430500,'新邵县',1654,b'1'),(430523,430000,430500,'邵阳县',1655,b'1'),(430524,430000,430500,'隆回县',1656,b'1'),(430525,430000,430500,'洞口县',1657,b'1'),(430527,430000,430500,'绥宁县',1658,b'1'),(430528,430000,430500,'新宁县',1659,b'1'),(430529,430000,430500,'城步苗族自治县',1660,b'1'),(430581,430000,430500,'武冈市',1661,b'1'),(430602,430000,430600,'岳阳楼区',1662,b'1'),(430603,430000,430600,'云溪区',1663,b'1'),(430611,430000,430600,'君山区',1664,b'1'),(430621,430000,430600,'岳阳县',1665,b'1'),(430623,430000,430600,'华容县',1666,b'1'),(430624,430000,430600,'湘阴县',1667,b'1'),(430626,430000,430600,'平江县',1668,b'1'),(430681,430000,430600,'汨罗市',1669,b'1'),(430682,430000,430600,'临湘市',1670,b'1'),(430702,430000,430700,'武陵区',1671,b'1'),(430703,430000,430700,'鼎城区',1672,b'1'),(430721,430000,430700,'安乡县',1673,b'1'),(430722,430000,430700,'汉寿县',1674,b'1'),(430723,430000,430700,'澧县',1675,b'1'),(430724,430000,430700,'临澧县',1676,b'1'),(430725,430000,430700,'桃源县',1677,b'1'),(430726,430000,430700,'石门县',1678,b'1'),(430781,430000,430700,'津市市',1679,b'1'),(430802,430000,430800,'永定区',1680,b'1'),(430811,430000,430800,'武陵源区',1681,b'1'),(430821,430000,430800,'慈利县',1682,b'1'),(430822,430000,430800,'桑植县',1683,b'1'),(430902,430000,430900,'资阳区',1684,b'1'),(430903,430000,430900,'赫山区',1685,b'1'),(430921,430000,430900,'南县',1686,b'1'),(430922,430000,430900,'桃江县',1687,b'1'),(430923,430000,430900,'安化县',1688,b'1'),(430981,430000,430900,'沅江市',1689,b'1'),(431002,430000,431000,'北湖区',1690,b'1'),(431003,430000,431000,'苏仙区',1691,b'1'),(431021,430000,431000,'桂阳县',1692,b'1'),(431022,430000,431000,'宜章县',1693,b'1'),(431023,430000,431000,'永兴县',1694,b'1'),(431024,430000,431000,'嘉禾县',1695,b'1'),(431025,430000,431000,'临武县',1696,b'1'),(431026,430000,431000,'汝城县',1697,b'1'),(431027,430000,431000,'桂东县',1698,b'1'),(431028,430000,431000,'安仁县',1699,b'1'),(431081,430000,431000,'资兴市',1700,b'1'),(431102,430000,431100,'零陵区',1701,b'1'),(431103,430000,431100,'冷水滩区',1702,b'1'),(431121,430000,431100,'祁阳县',1703,b'1'),(431122,430000,431100,'东安县',1704,b'1'),(431123,430000,431100,'双牌县',1705,b'1'),(431124,430000,431100,'道县',1706,b'1'),(431125,430000,431100,'江永县',1707,b'1'),(431126,430000,431100,'宁远县',1708,b'1'),(431127,430000,431100,'蓝山县',1709,b'1'),(431128,430000,431100,'新田县',1710,b'1'),(431129,430000,431100,'江华瑶族自治县',1711,b'1'),(431202,430000,431200,'鹤城区',1712,b'1'),(431221,430000,431200,'中方县',1713,b'1'),(431222,430000,431200,'沅陵县',1714,b'1'),(431223,430000,431200,'辰溪县',1715,b'1'),(431224,430000,431200,'溆浦县',1716,b'1'),(431225,430000,431200,'会同县',1717,b'1'),(431226,430000,431200,'麻阳苗族自治县',1718,b'1'),(431227,430000,431200,'新晃侗族自治县',1719,b'1'),(431228,430000,431200,'芷江侗族自治县',1720,b'1'),(431229,430000,431200,'靖州苗族侗族自治县',1721,b'1'),(431230,430000,431200,'通道侗族自治县',1722,b'1'),(431281,430000,431200,'洪江市',1723,b'1'),(431302,430000,431300,'娄星区',1724,b'1'),(431321,430000,431300,'双峰县',1725,b'1'),(431322,430000,431300,'新化县',1726,b'1'),(431381,430000,431300,'冷水江市',1727,b'1'),(431382,430000,431300,'涟源市',1728,b'1'),(433101,430000,433100,'吉首市',1729,b'1'),(433122,430000,433100,'泸溪县',1730,b'1'),(433123,430000,433100,'凤凰县',1731,b'1'),(433124,430000,433100,'花垣县',1732,b'1'),(433125,430000,433100,'保靖县',1733,b'1'),(433126,430000,433100,'古丈县',1734,b'1'),(433127,430000,433100,'永顺县',1735,b'1'),(433130,430000,433100,'龙山县',1736,b'1'),(440103,440000,440100,'荔湾区',1737,b'1'),(440104,440000,440100,'越秀区',1738,b'1'),(440105,440000,440100,'海珠区',1739,b'1'),(440106,440000,440100,'天河区',1740,b'1'),(440111,440000,440100,'白云区',1741,b'1'),(440112,440000,440100,'黄埔区',1742,b'1'),(440113,440000,440100,'番禺区',1743,b'1'),(440114,440000,440100,'花都区',1744,b'1'),(440115,440000,440100,'南沙区',1745,b'1'),(440116,440000,440100,'萝岗区',1746,b'1'),(440183,440000,440100,'增城市',1747,b'1'),(440184,440000,440100,'从化市',1748,b'1'),(440203,440000,440200,'武江区',1749,b'1'),(440204,440000,440200,'浈江区',1750,b'1'),(440205,440000,440200,'曲江区',1751,b'1'),(440222,440000,440200,'始兴县',1752,b'1'),(440224,440000,440200,'仁化县',1753,b'1'),(440229,440000,440200,'翁源县',1754,b'1'),(440232,440000,440200,'乳源瑶族自治县',1755,b'1'),(440233,440000,440200,'新丰县',1756,b'1'),(440281,440000,440200,'乐昌市',1757,b'1'),(440282,440000,440200,'南雄市',1758,b'1'),(440303,440000,440300,'罗湖区',1759,b'1'),(440304,440000,440300,'福田区',1760,b'1'),(440305,440000,440300,'南山区',1761,b'1'),(440306,440000,440300,'宝安区',1762,b'1'),(440307,440000,440300,'龙岗区',1763,b'1'),(440308,440000,440300,'盐田区',1764,b'1'),(440320,440000,440300,'光明新区',1765,b'1'),(440321,440000,440300,'坪山新区',1766,b'1'),(440322,440000,440300,'大鹏新区',1767,b'1'),(440323,440000,440300,'龙华新区',1768,b'1'),(440402,440000,440400,'香洲区',1769,b'1'),(440403,440000,440400,'斗门区',1770,b'1'),(440404,440000,440400,'金湾区',1771,b'1'),(440507,440000,440500,'龙湖区',1772,b'1'),(440511,440000,440500,'金平区',1773,b'1'),(440512,440000,440500,'濠江区',1774,b'1'),(440513,440000,440500,'潮阳区',1775,b'1'),(440514,440000,440500,'潮南区',1776,b'1'),(440515,440000,440500,'澄海区',1777,b'1'),(440523,440000,440500,'南澳县',1778,b'1'),(440604,440000,440600,'禅城区',1779,b'1'),(440605,440000,440600,'南海区',1780,b'1'),(440606,440000,440600,'顺德区',1781,b'1'),(440607,440000,440600,'三水区',1782,b'1'),(440608,440000,440600,'高明区',1783,b'1'),(440703,440000,440700,'蓬江区',1784,b'1'),(440704,440000,440700,'江海区',1785,b'1'),(440705,440000,440700,'新会区',1786,b'1'),(440781,440000,440700,'台山市',1787,b'1'),(440783,440000,440700,'开平市',1788,b'1'),(440784,440000,440700,'鹤山市',1789,b'1'),(440785,440000,440700,'恩平市',1790,b'1'),(440802,440000,440800,'赤坎区',1791,b'1'),(440803,440000,440800,'霞山区',1792,b'1'),(440804,440000,440800,'坡头区',1793,b'1'),(440811,440000,440800,'麻章区',1794,b'1'),(440823,440000,440800,'遂溪县',1795,b'1'),(440825,440000,440800,'徐闻县',1796,b'1'),(440881,440000,440800,'廉江市',1797,b'1'),(440882,440000,440800,'雷州市',1798,b'1'),(440883,440000,440800,'吴川市',1799,b'1'),(440902,440000,440900,'茂南区',1800,b'1'),(440903,440000,440900,'茂港区',1801,b'1'),(440923,440000,440900,'电白县',1802,b'1'),(440981,440000,440900,'高州市',1803,b'1'),(440982,440000,440900,'化州市',1804,b'1'),(440983,440000,440900,'信宜市',1805,b'1'),(441202,440000,441200,'端州区',1806,b'1'),(441203,440000,441200,'鼎湖区',1807,b'1'),(441223,440000,441200,'广宁县',1808,b'1'),(441224,440000,441200,'怀集县',1809,b'1'),(441225,440000,441200,'封开县',1810,b'1'),(441226,440000,441200,'德庆县',1811,b'1'),(441283,440000,441200,'高要市',1812,b'1'),(441284,440000,441200,'四会市',1813,b'1'),(441302,440000,441300,'惠城区',1814,b'1'),(441303,440000,441300,'惠阳区',1815,b'1'),(441322,440000,441300,'博罗县',1816,b'1'),(441323,440000,441300,'惠东县',1817,b'1'),(441324,440000,441300,'龙门县',1818,b'1'),(441402,440000,441400,'梅江区',1819,b'1'),(441421,440000,441400,'梅县',1820,b'1'),(441422,440000,441400,'大埔县',1821,b'1'),(441423,440000,441400,'丰顺县',1822,b'1'),(441424,440000,441400,'五华县',1823,b'1'),(441426,440000,441400,'平远县',1824,b'1'),(441427,440000,441400,'蕉岭县',1825,b'1'),(441481,440000,441400,'兴宁市',1826,b'1'),(441502,440000,441500,'城区',1827,b'1'),(441521,440000,441500,'海丰县',1828,b'1'),(441523,440000,441500,'陆河县',1829,b'1'),(441581,440000,441500,'陆丰市',1830,b'1'),(441602,440000,441600,'源城区',1831,b'1'),(441621,440000,441600,'紫金县',1832,b'1'),(441622,440000,441600,'龙川县',1833,b'1'),(441623,440000,441600,'连平县',1834,b'1'),(441624,440000,441600,'和平县',1835,b'1'),(441625,440000,441600,'东源县',1836,b'1'),(441702,440000,441700,'江城区',1837,b'1'),(441721,440000,441700,'阳西县',1838,b'1'),(441723,440000,441700,'阳东县',1839,b'1'),(441781,440000,441700,'阳春市',1840,b'1'),(441802,440000,441800,'清城区',1841,b'1'),(441821,440000,441800,'佛冈县',1843,b'1'),(441823,440000,441800,'阳山县',1844,b'1'),(441825,440000,441800,'连山壮族瑶族自治县',1845,b'1'),(441826,440000,441800,'连南瑶族自治县',1846,b'1'),(441827,440000,441800,'清新区',1842,b'1'),(441881,440000,441800,'英德市',1847,b'1'),(441882,440000,441800,'连州市',1848,b'1'),(441900,440000,441900,'东莞市',1849,b'1'),(442000,440000,442000,'中山市',1850,b'1'),(442101,440000,442101,'东沙群岛',1851,b'1'),(445102,440000,445100,'湘桥区',1852,b'1'),(445121,440000,445100,'潮安区',1853,b'1'),(445122,440000,445100,'饶平县',1854,b'1'),(445202,440000,445200,'榕城区',1855,b'1'),(445221,440000,445200,'揭东区',1856,b'1'),(445222,440000,445200,'揭西县',1857,b'1'),(445224,440000,445200,'惠来县',1858,b'1'),(445281,440000,445200,'普宁市',1859,b'1'),(445302,440000,445300,'云城区',1860,b'1'),(445321,440000,445300,'新兴县',1861,b'1'),(445322,440000,445300,'郁南县',1862,b'1'),(445323,440000,445300,'云安县',1863,b'1'),(445381,440000,445300,'罗定市',1864,b'1'),(450102,450000,450100,'兴宁区',1865,b'1'),(450103,450000,450100,'青秀区',1866,b'1'),(450105,450000,450100,'江南区',1867,b'1'),(450107,450000,450100,'西乡塘区',1868,b'1'),(450108,450000,450100,'良庆区',1869,b'1'),(450109,450000,450100,'邕宁区',1870,b'1'),(450122,450000,450100,'武鸣县',1871,b'1'),(450123,450000,450100,'隆安县',1872,b'1'),(450124,450000,450100,'马山县',1873,b'1'),(450125,450000,450100,'上林县',1874,b'1'),(450126,450000,450100,'宾阳县',1875,b'1'),(450127,450000,450100,'横县',1876,b'1'),(450202,450000,450200,'城中区',1877,b'1'),(450203,450000,450200,'鱼峰区',1878,b'1'),(450204,450000,450200,'柳南区',1879,b'1'),(450205,450000,450200,'柳北区',1880,b'1'),(450221,450000,450200,'柳江县',1881,b'1'),(450222,450000,450200,'柳城县',1882,b'1'),(450223,450000,450200,'鹿寨县',1883,b'1'),(450224,450000,450200,'融安县',1884,b'1'),(450225,450000,450200,'融水苗族自治县',1885,b'1'),(450226,450000,450200,'三江侗族自治县',1886,b'1'),(450302,450000,450300,'秀峰区',1887,b'1'),(450303,450000,450300,'叠彩区',1888,b'1'),(450304,450000,450300,'象山区',1889,b'1'),(450305,450000,450300,'七星区',1890,b'1'),(450311,450000,450300,'雁山区',1891,b'1'),(450321,450000,450300,'阳朔县',1893,b'1'),(450322,450000,450300,'临桂区',1892,b'1'),(450323,450000,450300,'灵川县',1894,b'1'),(450324,450000,450300,'全州县',1895,b'1'),(450325,450000,450300,'兴安县',1896,b'1'),(450326,450000,450300,'永福县',1897,b'1'),(450327,450000,450300,'灌阳县',1898,b'1'),(450328,450000,450300,'龙胜各族自治县',1899,b'1'),(450329,450000,450300,'资源县',1900,b'1'),(450330,450000,450300,'平乐县',1901,b'1'),(450331,450000,450300,'荔浦县',1902,b'1'),(450332,450000,450300,'恭城瑶族自治县',1903,b'1'),(450403,450000,450400,'万秀区',1904,b'1'),(450405,450000,450400,'长洲区',1905,b'1'),(450406,450000,450400,'龙圩区',1906,b'1'),(450421,450000,450400,'苍梧县',1907,b'1'),(450422,450000,450400,'藤县',1908,b'1'),(450423,450000,450400,'蒙山县',1909,b'1'),(450481,450000,450400,'岑溪市',1910,b'1'),(450502,450000,450500,'海城区',1911,b'1'),(450503,450000,450500,'银海区',1912,b'1'),(450512,450000,450500,'铁山港区',1913,b'1'),(450521,450000,450500,'合浦县',1914,b'1'),(450602,450000,450600,'港口区',1915,b'1'),(450603,450000,450600,'防城区',1916,b'1'),(450621,450000,450600,'上思县',1917,b'1'),(450681,450000,450600,'东兴市',1918,b'1'),(450702,450000,450700,'钦南区',1919,b'1'),(450703,450000,450700,'钦北区',1920,b'1'),(450721,450000,450700,'灵山县',1921,b'1'),(450722,450000,450700,'浦北县',1922,b'1'),(450802,450000,450800,'港北区',1923,b'1'),(450803,450000,450800,'港南区',1924,b'1'),(450804,450000,450800,'覃塘区',1925,b'1'),(450821,450000,450800,'平南县',1926,b'1'),(450881,450000,450800,'桂平市',1927,b'1'),(450902,450000,450900,'玉州区',1928,b'1'),(450903,450000,450900,'福绵区',1929,b'1'),(450921,450000,450900,'容县',1930,b'1'),(450922,450000,450900,'陆川县',1931,b'1'),(450923,450000,450900,'博白县',1932,b'1'),(450924,450000,450900,'兴业县',1933,b'1'),(450981,450000,450900,'北流市',1934,b'1'),(451002,450000,451000,'右江区',1935,b'1'),(451021,450000,451000,'田阳县',1936,b'1'),(451022,450000,451000,'田东县',1937,b'1'),(451023,450000,451000,'平果县',1938,b'1'),(451024,450000,451000,'德保县',1939,b'1'),(451025,450000,451000,'靖西县',1940,b'1'),(451026,450000,451000,'那坡县',1941,b'1'),(451027,450000,451000,'凌云县',1942,b'1'),(451028,450000,451000,'乐业县',1943,b'1'),(451029,450000,451000,'田林县',1944,b'1'),(451030,450000,451000,'西林县',1945,b'1'),(451031,450000,451000,'隆林各族自治县',1946,b'1'),(451102,450000,451100,'八步区',1947,b'1'),(451119,450000,451100,'平桂管理区',1948,b'1'),(451121,450000,451100,'昭平县',1949,b'1'),(451122,450000,451100,'钟山县',1950,b'1'),(451123,450000,451100,'富川瑶族自治县',1951,b'1'),(451202,450000,451200,'金城江区',1952,b'1'),(451221,450000,451200,'南丹县',1953,b'1'),(451222,450000,451200,'天峨县',1954,b'1'),(451223,450000,451200,'凤山县',1955,b'1'),(451224,450000,451200,'东兰县',1956,b'1'),(451225,450000,451200,'罗城仫佬族自治县',1957,b'1'),(451226,450000,451200,'环江毛南族自治县',1958,b'1'),(451227,450000,451200,'巴马瑶族自治县',1959,b'1'),(451228,450000,451200,'都安瑶族自治县',1960,b'1'),(451229,450000,451200,'大化瑶族自治县',1961,b'1'),(451281,450000,451200,'宜州市',1962,b'1'),(451302,450000,451300,'兴宾区',1963,b'1'),(451321,450000,451300,'忻城县',1964,b'1'),(451322,450000,451300,'象州县',1965,b'1'),(451323,450000,451300,'武宣县',1966,b'1'),(451324,450000,451300,'金秀瑶族自治县',1967,b'1'),(451381,450000,451300,'合山市',1968,b'1'),(451402,450000,451400,'江州区',1969,b'1'),(451421,450000,451400,'扶绥县',1970,b'1'),(451422,450000,451400,'宁明县',1971,b'1'),(451423,450000,451400,'龙州县',1972,b'1'),(451424,450000,451400,'大新县',1973,b'1'),(451425,450000,451400,'天等县',1974,b'1'),(451481,450000,451400,'凭祥市',1975,b'1'),(460105,460000,460100,'秀英区',1976,b'1'),(460106,460000,460100,'龙华区',1977,b'1'),(460107,460000,460100,'琼山区',1978,b'1'),(460108,460000,460100,'美兰区',1979,b'1'),(460200,460000,460200,'三亚市',1980,b'1'),(460321,460000,460300,'西沙群岛',1981,b'1'),(460322,460000,460300,'南沙群岛',1982,b'1'),(460323,460000,460300,'中沙群岛的岛礁及其海域',1983,b'1'),(469001,460000,469001,'五指山市',1984,b'1'),(469002,460000,469002,'琼海市',1985,b'1'),(469003,460000,469003,'儋州市',1986,b'1'),(469005,460000,469005,'文昌市',1987,b'1'),(469006,460000,469006,'万宁市',1988,b'1'),(469007,460000,469007,'东方市',1989,b'1'),(469025,460000,469025,'定安县',1990,b'1'),(469026,460000,469026,'屯昌县',1991,b'1'),(469027,460000,469027,'澄迈县',1992,b'1'),(469028,460000,469028,'临高县',1993,b'1'),(469030,460000,469030,'白沙黎族自治县',1994,b'1'),(469031,460000,469031,'昌江黎族自治县',1995,b'1'),(469033,460000,469033,'乐东黎族自治县',1996,b'1'),(469034,460000,469034,'陵水黎族自治县',1997,b'1'),(469035,460000,469035,'保亭黎族苗族自治县',1998,b'1'),(500101,500000,500100,'万州区',1999,b'1'),(500102,500000,500100,'涪陵区',2000,b'1'),(500103,500000,500100,'渝中区',2001,b'1'),(500104,500000,500100,'大渡口区',2002,b'1'),(500105,500000,500100,'江北区',2003,b'1'),(500106,500000,500100,'沙坪坝区',2004,b'1'),(500107,500000,500100,'九龙坡区',2005,b'1'),(500108,500000,500100,'南岸区',2006,b'1'),(500109,500000,500100,'北碚区',2007,b'1'),(500112,500000,500100,'渝北区',2010,b'1'),(500113,500000,500100,'巴南区',2011,b'1'),(500114,500000,500100,'黔江区',2012,b'1'),(500115,500000,500100,'长寿区',2013,b'1'),(500222,500000,500100,'綦江区',2008,b'1'),(500223,500000,500100,'潼南县',2018,b'1'),(500224,500000,500100,'铜梁县',2019,b'1'),(500225,500000,500100,'大足区',2009,b'1'),(500226,500000,500100,'荣昌县',2020,b'1'),(500227,500000,500100,'璧山县',2021,b'1'),(500228,500000,500100,'梁平县',2022,b'1'),(500229,500000,500100,'城口县',2023,b'1'),(500230,500000,500100,'丰都县',2024,b'1'),(500231,500000,500100,'垫江县',2025,b'1'),(500232,500000,500100,'武隆县',2026,b'1'),(500233,500000,500100,'忠县',2027,b'1'),(500234,500000,500100,'开县',2028,b'1'),(500235,500000,500100,'云阳县',2029,b'1'),(500236,500000,500100,'奉节县',2030,b'1'),(500237,500000,500100,'巫山县',2031,b'1'),(500238,500000,500100,'巫溪县',2032,b'1'),(500240,500000,500100,'石柱土家族自治县',2033,b'1'),(500241,500000,500100,'秀山土家族苗族自治县',2034,b'1'),(500242,500000,500100,'酉阳土家族苗族自治县',2035,b'1'),(500243,500000,500100,'彭水苗族土家族自治县',2036,b'1'),(500381,500000,500100,'江津区',2014,b'1'),(500382,500000,500100,'合川区',2015,b'1'),(500383,500000,500100,'永川区',2016,b'1'),(500384,500000,500100,'南川区',2017,b'1'),(510104,510000,510100,'锦江区',2037,b'1'),(510105,510000,510100,'青羊区',2038,b'1'),(510106,510000,510100,'金牛区',2039,b'1'),(510107,510000,510100,'武侯区',2040,b'1'),(510108,510000,510100,'成华区',2041,b'1'),(510112,510000,510100,'龙泉驿区',2042,b'1'),(510113,510000,510100,'青白江区',2043,b'1'),(510114,510000,510100,'新都区',2044,b'1'),(510115,510000,510100,'温江区',2045,b'1'),(510121,510000,510100,'金堂县',2046,b'1'),(510122,510000,510100,'双流县',2047,b'1'),(510124,510000,510100,'郫县',2048,b'1'),(510129,510000,510100,'大邑县',2049,b'1'),(510131,510000,510100,'蒲江县',2050,b'1'),(510132,510000,510100,'新津县',2051,b'1'),(510181,510000,510100,'都江堰市',2052,b'1'),(510182,510000,510100,'彭州市',2053,b'1'),(510183,510000,510100,'邛崃市',2054,b'1'),(510184,510000,510100,'崇州市',2055,b'1'),(510302,510000,510300,'自流井区',2056,b'1'),(510303,510000,510300,'贡井区',2057,b'1'),(510304,510000,510300,'大安区',2058,b'1'),(510311,510000,510300,'沿滩区',2059,b'1'),(510321,510000,510300,'荣县',2060,b'1'),(510322,510000,510300,'富顺县',2061,b'1'),(510402,510000,510400,'东区',2062,b'1'),(510403,510000,510400,'西区',2063,b'1'),(510411,510000,510400,'仁和区',2064,b'1'),(510421,510000,510400,'米易县',2065,b'1'),(510422,510000,510400,'盐边县',2066,b'1'),(510502,510000,510500,'江阳区',2067,b'1'),(510503,510000,510500,'纳溪区',2068,b'1'),(510504,510000,510500,'龙马潭区',2069,b'1'),(510521,510000,510500,'泸县',2070,b'1'),(510522,510000,510500,'合江县',2071,b'1'),(510524,510000,510500,'叙永县',2072,b'1'),(510525,510000,510500,'古蔺县',2073,b'1'),(510603,510000,510600,'旌阳区',2074,b'1'),(510623,510000,510600,'中江县',2075,b'1'),(510626,510000,510600,'罗江县',2076,b'1'),(510681,510000,510600,'广汉市',2077,b'1'),(510682,510000,510600,'什邡市',2078,b'1'),(510683,510000,510600,'绵竹市',2079,b'1'),(510703,510000,510700,'涪城区',2080,b'1'),(510704,510000,510700,'游仙区',2081,b'1'),(510722,510000,510700,'三台县',2082,b'1'),(510723,510000,510700,'盐亭县',2083,b'1'),(510724,510000,510700,'安县',2084,b'1'),(510725,510000,510700,'梓潼县',2085,b'1'),(510726,510000,510700,'北川羌族自治县',2086,b'1'),(510727,510000,510700,'平武县',2087,b'1'),(510781,510000,510700,'江油市',2088,b'1'),(510802,510000,510800,'利州区',2089,b'1'),(510811,510000,510800,'昭化区',2090,b'1'),(510812,510000,510800,'朝天区',2091,b'1'),(510821,510000,510800,'旺苍县',2092,b'1'),(510822,510000,510800,'青川县',2093,b'1'),(510823,510000,510800,'剑阁县',2094,b'1'),(510824,510000,510800,'苍溪县',2095,b'1'),(510903,510000,510900,'船山区',2096,b'1'),(510904,510000,510900,'安居区',2097,b'1'),(510921,510000,510900,'蓬溪县',2098,b'1'),(510922,510000,510900,'射洪县',2099,b'1'),(510923,510000,510900,'大英县',2100,b'1'),(511002,510000,511000,'市中区',2101,b'1'),(511011,510000,511000,'东兴区',2102,b'1'),(511024,510000,511000,'威远县',2103,b'1'),(511025,510000,511000,'资中县',2104,b'1'),(511028,510000,511000,'隆昌县',2105,b'1'),(511102,510000,511100,'市中区',2106,b'1'),(511111,510000,511100,'沙湾区',2107,b'1'),(511112,510000,511100,'五通桥区',2108,b'1'),(511113,510000,511100,'金口河区',2109,b'1'),(511123,510000,511100,'犍为县',2110,b'1'),(511124,510000,511100,'井研县',2111,b'1'),(511126,510000,511100,'夹江县',2112,b'1'),(511129,510000,511100,'沐川县',2113,b'1'),(511132,510000,511100,'峨边彝族自治县',2114,b'1'),(511133,510000,511100,'马边彝族自治县',2115,b'1'),(511181,510000,511100,'峨眉山市',2116,b'1'),(511302,510000,511300,'顺庆区',2117,b'1'),(511303,510000,511300,'高坪区',2118,b'1'),(511304,510000,511300,'嘉陵区',2119,b'1'),(511321,510000,511300,'南部县',2120,b'1'),(511322,510000,511300,'营山县',2121,b'1'),(511323,510000,511300,'蓬安县',2122,b'1'),(511324,510000,511300,'仪陇县',2123,b'1'),(511325,510000,511300,'西充县',2124,b'1'),(511381,510000,511300,'阆中市',2125,b'1'),(511402,510000,511400,'东坡区',2126,b'1'),(511421,510000,511400,'仁寿县',2127,b'1'),(511422,510000,511400,'彭山县',2128,b'1'),(511423,510000,511400,'洪雅县',2129,b'1'),(511424,510000,511400,'丹棱县',2130,b'1'),(511425,510000,511400,'青神县',2131,b'1'),(511502,510000,511500,'翠屏区',2132,b'1'),(511521,510000,511500,'宜宾县',2134,b'1'),(511522,510000,511500,'南溪区',2133,b'1'),(511523,510000,511500,'江安县',2135,b'1'),(511524,510000,511500,'长宁县',2136,b'1'),(511525,510000,511500,'高县',2137,b'1'),(511526,510000,511500,'珙县',2138,b'1'),(511527,510000,511500,'筠连县',2139,b'1'),(511528,510000,511500,'兴文县',2140,b'1'),(511529,510000,511500,'屏山县',2141,b'1'),(511602,510000,511600,'广安区',2142,b'1'),(511603,510000,511600,'前锋区',2143,b'1'),(511621,510000,511600,'岳池县',2144,b'1'),(511622,510000,511600,'武胜县',2145,b'1'),(511623,510000,511600,'邻水县',2146,b'1'),(511681,510000,511600,'华蓥市',2147,b'1'),(511702,510000,511700,'通川区',2148,b'1'),(511721,510000,511700,'达川区',2149,b'1'),(511722,510000,511700,'宣汉县',2150,b'1'),(511723,510000,511700,'开江县',2151,b'1'),(511724,510000,511700,'大竹县',2152,b'1'),(511725,510000,511700,'渠县',2153,b'1'),(511781,510000,511700,'万源市',2154,b'1'),(511802,510000,511800,'雨城区',2155,b'1'),(511821,510000,511800,'名山区',2156,b'1'),(511822,510000,511800,'荥经县',2157,b'1'),(511823,510000,511800,'汉源县',2158,b'1'),(511824,510000,511800,'石棉县',2159,b'1'),(511825,510000,511800,'天全县',2160,b'1'),(511826,510000,511800,'芦山县',2161,b'1'),(511827,510000,511800,'宝兴县',2162,b'1'),(511902,510000,511900,'巴州区',2163,b'1'),(511903,510000,511900,'恩阳区',2164,b'1'),(511921,510000,511900,'通江县',2165,b'1'),(511922,510000,511900,'南江县',2166,b'1'),(511923,510000,511900,'平昌县',2167,b'1'),(512002,510000,512000,'雁江区',2168,b'1'),(512021,510000,512000,'安岳县',2169,b'1'),(512022,510000,512000,'乐至县',2170,b'1'),(512081,510000,512000,'简阳市',2171,b'1'),(513221,510000,513200,'汶川县',2172,b'1'),(513222,510000,513200,'理县',2173,b'1'),(513223,510000,513200,'茂县',2174,b'1'),(513224,510000,513200,'松潘县',2175,b'1'),(513225,510000,513200,'九寨沟县',2176,b'1'),(513226,510000,513200,'金川县',2177,b'1'),(513227,510000,513200,'小金县',2178,b'1'),(513228,510000,513200,'黑水县',2179,b'1'),(513229,510000,513200,'马尔康县',2180,b'1'),(513230,510000,513200,'壤塘县',2181,b'1'),(513231,510000,513200,'阿坝县',2182,b'1'),(513232,510000,513200,'若尔盖县',2183,b'1'),(513233,510000,513200,'红原县',2184,b'1'),(513321,510000,513300,'康定县',2185,b'1'),(513322,510000,513300,'泸定县',2186,b'1'),(513323,510000,513300,'丹巴县',2187,b'1'),(513324,510000,513300,'九龙县',2188,b'1'),(513325,510000,513300,'雅江县',2189,b'1'),(513326,510000,513300,'道孚县',2190,b'1'),(513327,510000,513300,'炉霍县',2191,b'1'),(513328,510000,513300,'甘孜县',2192,b'1'),(513329,510000,513300,'新龙县',2193,b'1'),(513330,510000,513300,'德格县',2194,b'1'),(513331,510000,513300,'白玉县',2195,b'1'),(513332,510000,513300,'石渠县',2196,b'1'),(513333,510000,513300,'色达县',2197,b'1'),(513334,510000,513300,'理塘县',2198,b'1'),(513335,510000,513300,'巴塘县',2199,b'1'),(513336,510000,513300,'乡城县',2200,b'1'),(513337,510000,513300,'稻城县',2201,b'1'),(513338,510000,513300,'得荣县',2202,b'1'),(513401,510000,513400,'西昌市',2203,b'1'),(513422,510000,513400,'木里藏族自治县',2204,b'1'),(513423,510000,513400,'盐源县',2205,b'1'),(513424,510000,513400,'德昌县',2206,b'1'),(513425,510000,513400,'会理县',2207,b'1'),(513426,510000,513400,'会东县',2208,b'1'),(513427,510000,513400,'宁南县',2209,b'1'),(513428,510000,513400,'普格县',2210,b'1'),(513429,510000,513400,'布拖县',2211,b'1'),(513430,510000,513400,'金阳县',2212,b'1'),(513431,510000,513400,'昭觉县',2213,b'1'),(513432,510000,513400,'喜德县',2214,b'1'),(513433,510000,513400,'冕宁县',2215,b'1'),(513434,510000,513400,'越西县',2216,b'1'),(513435,510000,513400,'甘洛县',2217,b'1'),(513436,510000,513400,'美姑县',2218,b'1'),(513437,510000,513400,'雷波县',2219,b'1'),(520102,520000,520100,'南明区',2220,b'1'),(520103,520000,520100,'云岩区',2221,b'1'),(520111,520000,520100,'花溪区',2222,b'1'),(520112,520000,520100,'乌当区',2223,b'1'),(520113,520000,520100,'白云区',2224,b'1'),(520121,520000,520100,'开阳县',2226,b'1'),(520122,520000,520100,'息烽县',2227,b'1'),(520123,520000,520100,'修文县',2228,b'1'),(520151,520000,520100,'观山湖区',2225,b'1'),(520181,520000,520100,'清镇市',2229,b'1'),(520201,520000,520200,'钟山区',2230,b'1'),(520203,520000,520200,'六枝特区',2231,b'1'),(520221,520000,520200,'水城县',2232,b'1'),(520222,520000,520200,'盘县',2233,b'1'),(520302,520000,520300,'红花岗区',2234,b'1'),(520303,520000,520300,'汇川区',2235,b'1'),(520321,520000,520300,'遵义县',2236,b'1'),(520322,520000,520300,'桐梓县',2237,b'1'),(520323,520000,520300,'绥阳县',2238,b'1'),(520324,520000,520300,'正安县',2239,b'1'),(520325,520000,520300,'道真仡佬族苗族自治县',2240,b'1'),(520326,520000,520300,'务川仡佬族苗族自治县',2241,b'1'),(520327,520000,520300,'凤冈县',2242,b'1'),(520328,520000,520300,'湄潭县',2243,b'1'),(520329,520000,520300,'余庆县',2244,b'1'),(520330,520000,520300,'习水县',2245,b'1'),(520381,520000,520300,'赤水市',2246,b'1'),(520382,520000,520300,'仁怀市',2247,b'1'),(520402,520000,520400,'西秀区',2248,b'1'),(520421,520000,520400,'平坝县',2249,b'1'),(520422,520000,520400,'普定县',2250,b'1'),(520423,520000,520400,'镇宁布依族苗族自治县',2251,b'1'),(520424,520000,520400,'关岭布依族苗族自治县',2252,b'1'),(520425,520000,520400,'紫云苗族布依族自治县',2253,b'1'),(522201,520000,522200,'碧江区',2262,b'1'),(522222,520000,522200,'江口县',2264,b'1'),(522223,520000,522200,'玉屏侗族自治县',2265,b'1'),(522224,520000,522200,'石阡县',2266,b'1'),(522225,520000,522200,'思南县',2267,b'1'),(522226,520000,522200,'印江土家族苗族自治县',2268,b'1'),(522227,520000,522200,'德江县',2269,b'1'),(522228,520000,522200,'沿河土家族自治县',2270,b'1'),(522229,520000,522200,'松桃苗族自治县',2271,b'1'),(522230,520000,522200,'万山区',2263,b'1'),(522301,520000,522300,'兴义市',2272,b'1'),(522322,520000,522300,'兴仁县',2273,b'1'),(522323,520000,522300,'普安县',2274,b'1'),(522324,520000,522300,'晴隆县',2275,b'1'),(522325,520000,522300,'贞丰县',2276,b'1'),(522326,520000,522300,'望谟县',2277,b'1'),(522327,520000,522300,'册亨县',2278,b'1'),(522328,520000,522300,'安龙县',2279,b'1'),(522401,520000,522400,'七星关区',2254,b'1'),(522422,520000,522400,'大方县',2255,b'1'),(522423,520000,522400,'黔西县',2256,b'1'),(522424,520000,522400,'金沙县',2257,b'1'),(522425,520000,522400,'织金县',2258,b'1'),(522426,520000,522400,'纳雍县',2259,b'1'),(522427,520000,522400,'威宁彝族回族苗族自治县',2260,b'1'),(522428,520000,522400,'赫章县',2261,b'1'),(522601,520000,522600,'凯里市',2280,b'1'),(522622,520000,522600,'黄平县',2281,b'1'),(522623,520000,522600,'施秉县',2282,b'1'),(522624,520000,522600,'三穗县',2283,b'1'),(522625,520000,522600,'镇远县',2284,b'1'),(522626,520000,522600,'岑巩县',2285,b'1'),(522627,520000,522600,'天柱县',2286,b'1'),(522628,520000,522600,'锦屏县',2287,b'1'),(522629,520000,522600,'剑河县',2288,b'1'),(522630,520000,522600,'台江县',2289,b'1'),(522631,520000,522600,'黎平县',2290,b'1'),(522632,520000,522600,'榕江县',2291,b'1'),(522633,520000,522600,'从江县',2292,b'1'),(522634,520000,522600,'雷山县',2293,b'1'),(522635,520000,522600,'麻江县',2294,b'1'),(522636,520000,522600,'丹寨县',2295,b'1'),(522701,520000,522700,'都匀市',2296,b'1'),(522702,520000,522700,'福泉市',2297,b'1'),(522722,520000,522700,'荔波县',2298,b'1'),(522723,520000,522700,'贵定县',2299,b'1'),(522725,520000,522700,'瓮安县',2300,b'1'),(522726,520000,522700,'独山县',2301,b'1'),(522727,520000,522700,'平塘县',2302,b'1'),(522728,520000,522700,'罗甸县',2303,b'1'),(522729,520000,522700,'长顺县',2304,b'1'),(522730,520000,522700,'龙里县',2305,b'1'),(522731,520000,522700,'惠水县',2306,b'1'),(522732,520000,522700,'三都水族自治县',2307,b'1'),(530102,530000,530100,'五华区',2308,b'1'),(530103,530000,530100,'盘龙区',2309,b'1'),(530111,530000,530100,'官渡区',2310,b'1'),(530112,530000,530100,'西山区',2311,b'1'),(530113,530000,530100,'东川区',2312,b'1'),(530121,530000,530100,'呈贡区',2313,b'1'),(530122,530000,530100,'晋宁县',2314,b'1'),(530124,530000,530100,'富民县',2315,b'1'),(530125,530000,530100,'宜良县',2316,b'1'),(530126,530000,530100,'石林彝族自治县',2317,b'1'),(530127,530000,530100,'嵩明县',2318,b'1'),(530128,530000,530100,'禄劝彝族苗族自治县',2319,b'1'),(530129,530000,530100,'寻甸回族彝族自治县',2320,b'1'),(530181,530000,530100,'安宁市',2321,b'1'),(530302,530000,530300,'麒麟区',2322,b'1'),(530321,530000,530300,'马龙县',2323,b'1'),(530322,530000,530300,'陆良县',2324,b'1'),(530323,530000,530300,'师宗县',2325,b'1'),(530324,530000,530300,'罗平县',2326,b'1'),(530325,530000,530300,'富源县',2327,b'1'),(530326,530000,530300,'会泽县',2328,b'1'),(530328,530000,530300,'沾益县',2329,b'1'),(530381,530000,530300,'宣威市',2330,b'1'),(530402,530000,530400,'红塔区',2331,b'1'),(530421,530000,530400,'江川县',2332,b'1'),(530422,530000,530400,'澄江县',2333,b'1'),(530423,530000,530400,'通海县',2334,b'1'),(530424,530000,530400,'华宁县',2335,b'1'),(530425,530000,530400,'易门县',2336,b'1'),(530426,530000,530400,'峨山彝族自治县',2337,b'1'),(530427,530000,530400,'新平彝族傣族自治县',2338,b'1'),(530428,530000,530400,'元江哈尼族彝族傣族自治县',2339,b'1'),(530502,530000,530500,'隆阳区',2340,b'1'),(530521,530000,530500,'施甸县',2341,b'1'),(530522,530000,530500,'腾冲县',2342,b'1'),(530523,530000,530500,'龙陵县',2343,b'1'),(530524,530000,530500,'昌宁县',2344,b'1'),(530602,530000,530600,'昭阳区',2345,b'1'),(530621,530000,530600,'鲁甸县',2346,b'1'),(530622,530000,530600,'巧家县',2347,b'1'),(530623,530000,530600,'盐津县',2348,b'1'),(530624,530000,530600,'大关县',2349,b'1'),(530625,530000,530600,'永善县',2350,b'1'),(530626,530000,530600,'绥江县',2351,b'1'),(530627,530000,530600,'镇雄县',2352,b'1'),(530628,530000,530600,'彝良县',2353,b'1'),(530629,530000,530600,'威信县',2354,b'1'),(530630,530000,530600,'水富县',2355,b'1'),(530702,530000,530700,'古城区',2356,b'1'),(530721,530000,530700,'玉龙纳西族自治县',2357,b'1'),(530722,530000,530700,'永胜县',2358,b'1'),(530723,530000,530700,'华坪县',2359,b'1'),(530724,530000,530700,'宁蒗彝族自治县',2360,b'1'),(530802,530000,530800,'思茅区',2361,b'1'),(530821,530000,530800,'宁洱哈尼族彝族自治县',2362,b'1'),(530822,530000,530800,'墨江哈尼族自治县',2363,b'1'),(530823,530000,530800,'景东彝族自治县',2364,b'1'),(530824,530000,530800,'景谷傣族彝族自治县',2365,b'1'),(530825,530000,530800,'镇沅彝族哈尼族拉祜族自治县',2366,b'1'),(530826,530000,530800,'江城哈尼族彝族自治县',2367,b'1'),(530827,530000,530800,'孟连傣族拉祜族佤族自治县',2368,b'1'),(530828,530000,530800,'澜沧拉祜族自治县',2369,b'1'),(530829,530000,530800,'西盟佤族自治县',2370,b'1'),(530902,530000,530900,'临翔区',2371,b'1'),(530921,530000,530900,'凤庆县',2372,b'1'),(530922,530000,530900,'云县',2373,b'1'),(530923,530000,530900,'永德县',2374,b'1'),(530924,530000,530900,'镇康县',2375,b'1'),(530925,530000,530900,'双江拉祜族佤族布朗族傣族自治县',2376,b'1'),(530926,530000,530900,'耿马傣族佤族自治县',2377,b'1'),(530927,530000,530900,'沧源佤族自治县',2378,b'1'),(532301,530000,532300,'楚雄市',2379,b'1'),(532322,530000,532300,'双柏县',2380,b'1'),(532323,530000,532300,'牟定县',2381,b'1'),(532324,530000,532300,'南华县',2382,b'1'),(532325,530000,532300,'姚安县',2383,b'1'),(532326,530000,532300,'大姚县',2384,b'1'),(532327,530000,532300,'永仁县',2385,b'1'),(532328,530000,532300,'元谋县',2386,b'1'),(532329,530000,532300,'武定县',2387,b'1'),(532331,530000,532300,'禄丰县',2388,b'1'),(532501,530000,532500,'个旧市',2389,b'1'),(532502,530000,532500,'开远市',2390,b'1'),(532522,530000,532500,'蒙自市',2391,b'1'),(532523,530000,532500,'屏边苗族自治县',2393,b'1'),(532524,530000,532500,'建水县',2394,b'1'),(532525,530000,532500,'石屏县',2395,b'1'),(532526,530000,532500,'弥勒市',2392,b'1'),(532527,530000,532500,'泸西县',2396,b'1'),(532528,530000,532500,'元阳县',2397,b'1'),(532529,530000,532500,'红河县',2398,b'1'),(532530,530000,532500,'金平苗族瑶族傣族自治县',2399,b'1'),(532531,530000,532500,'绿春县',2400,b'1'),(532532,530000,532500,'河口瑶族自治县',2401,b'1'),(532621,530000,532600,'文山市',2402,b'1'),(532622,530000,532600,'砚山县',2403,b'1'),(532623,530000,532600,'西畴县',2404,b'1'),(532624,530000,532600,'麻栗坡县',2405,b'1'),(532625,530000,532600,'马关县',2406,b'1'),(532626,530000,532600,'丘北县',2407,b'1'),(532627,530000,532600,'广南县',2408,b'1'),(532628,530000,532600,'富宁县',2409,b'1'),(532801,530000,532800,'景洪市',2410,b'1'),(532822,530000,532800,'勐海县',2411,b'1'),(532823,530000,532800,'勐腊县',2412,b'1'),(532901,530000,532900,'大理市',2413,b'1'),(532922,530000,532900,'漾濞彝族自治县',2414,b'1'),(532923,530000,532900,'祥云县',2415,b'1'),(532924,530000,532900,'宾川县',2416,b'1'),(532925,530000,532900,'弥渡县',2417,b'1'),(532926,530000,532900,'南涧彝族自治县',2418,b'1'),(532927,530000,532900,'巍山彝族回族自治县',2419,b'1'),(532928,530000,532900,'永平县',2420,b'1'),(532929,530000,532900,'云龙县',2421,b'1'),(532930,530000,532900,'洱源县',2422,b'1'),(532931,530000,532900,'剑川县',2423,b'1'),(532932,530000,532900,'鹤庆县',2424,b'1'),(533102,530000,533100,'瑞丽市',2425,b'1'),(533103,530000,533100,'芒市',2426,b'1'),(533122,530000,533100,'梁河县',2427,b'1'),(533123,530000,533100,'盈江县',2428,b'1'),(533124,530000,533100,'陇川县',2429,b'1'),(533321,530000,533300,'泸水县',2430,b'1'),(533323,530000,533300,'福贡县',2431,b'1'),(533324,530000,533300,'贡山独龙族怒族自治县',2432,b'1'),(533325,530000,533300,'兰坪白族普米族自治县',2433,b'1'),(533421,530000,533400,'香格里拉县',2434,b'1'),(533422,530000,533400,'德钦县',2435,b'1'),(533423,530000,533400,'维西傈僳族自治县',2436,b'1'),(540102,540000,540100,'城关区',2437,b'1'),(540121,540000,540100,'林周县',2438,b'1'),(540122,540000,540100,'当雄县',2439,b'1'),(540123,540000,540100,'尼木县',2440,b'1'),(540124,540000,540100,'曲水县',2441,b'1'),(540125,540000,540100,'堆龙德庆县',2442,b'1'),(540126,540000,540100,'达孜县',2443,b'1'),(540127,540000,540100,'墨竹工卡县',2444,b'1'),(542121,540000,542100,'昌都县',2445,b'1'),(542122,540000,542100,'江达县',2446,b'1'),(542123,540000,542100,'贡觉县',2447,b'1'),(542124,540000,542100,'类乌齐县',2448,b'1'),(542125,540000,542100,'丁青县',2449,b'1'),(542126,540000,542100,'察雅县',2450,b'1'),(542127,540000,542100,'八宿县',2451,b'1'),(542128,540000,542100,'左贡县',2452,b'1'),(542129,540000,542100,'芒康县',2453,b'1'),(542132,540000,542100,'洛隆县',2454,b'1'),(542133,540000,542100,'边坝县',2455,b'1'),(542221,540000,542200,'乃东县',2456,b'1'),(542222,540000,542200,'扎囊县',2457,b'1'),(542223,540000,542200,'贡嘎县',2458,b'1'),(542224,540000,542200,'桑日县',2459,b'1'),(542225,540000,542200,'琼结县',2460,b'1'),(542226,540000,542200,'曲松县',2461,b'1'),(542227,540000,542200,'措美县',2462,b'1'),(542228,540000,542200,'洛扎县',2463,b'1'),(542229,540000,542200,'加查县',2464,b'1'),(542231,540000,542200,'隆子县',2465,b'1'),(542232,540000,542200,'错那县',2466,b'1'),(542233,540000,542200,'浪卡子县',2467,b'1'),(542301,540000,542300,'日喀则市',2468,b'1'),(542322,540000,542300,'南木林县',2469,b'1'),(542323,540000,542300,'江孜县',2470,b'1'),(542324,540000,542300,'定日县',2471,b'1'),(542325,540000,542300,'萨迦县',2472,b'1'),(542326,540000,542300,'拉孜县',2473,b'1'),(542327,540000,542300,'昂仁县',2474,b'1'),(542328,540000,542300,'谢通门县',2475,b'1'),(542329,540000,542300,'白朗县',2476,b'1'),(542330,540000,542300,'仁布县',2477,b'1'),(542331,540000,542300,'康马县',2478,b'1'),(542332,540000,542300,'定结县',2479,b'1'),(542333,540000,542300,'仲巴县',2480,b'1'),(542334,540000,542300,'亚东县',2481,b'1'),(542335,540000,542300,'吉隆县',2482,b'1'),(542336,540000,542300,'聂拉木县',2483,b'1'),(542337,540000,542300,'萨嘎县',2484,b'1'),(542338,540000,542300,'岗巴县',2485,b'1'),(542421,540000,542400,'那曲县',2486,b'1'),(542422,540000,542400,'嘉黎县',2487,b'1'),(542423,540000,542400,'比如县',2488,b'1'),(542424,540000,542400,'聂荣县',2489,b'1'),(542425,540000,542400,'安多县',2490,b'1'),(542426,540000,542400,'申扎县',2491,b'1'),(542427,540000,542400,'索县',2492,b'1'),(542428,540000,542400,'班戈县',2493,b'1'),(542429,540000,542400,'巴青县',2494,b'1'),(542430,540000,542400,'尼玛县',2495,b'1'),(542432,540000,542400,'双湖县',2496,b'1'),(542521,540000,542500,'普兰县',2497,b'1'),(542522,540000,542500,'札达县',2498,b'1'),(542523,540000,542500,'噶尔县',2499,b'1'),(542524,540000,542500,'日土县',2500,b'1'),(542525,540000,542500,'革吉县',2501,b'1'),(542526,540000,542500,'改则县',2502,b'1'),(542527,540000,542500,'措勤县',2503,b'1'),(542621,540000,542600,'林芝县',2504,b'1'),(542622,540000,542600,'工布江达县',2505,b'1'),(542623,540000,542600,'米林县',2506,b'1'),(542624,540000,542600,'墨脱县',2507,b'1'),(542625,540000,542600,'波密县',2508,b'1'),(542626,540000,542600,'察隅县',2509,b'1'),(542627,540000,542600,'朗县',2510,b'1'),(610102,610000,610100,'新城区',2511,b'1'),(610103,610000,610100,'碑林区',2512,b'1'),(610104,610000,610100,'莲湖区',2513,b'1'),(610111,610000,610100,'灞桥区',2514,b'1'),(610112,610000,610100,'未央区',2515,b'1'),(610113,610000,610100,'雁塔区',2516,b'1'),(610114,610000,610100,'阎良区',2517,b'1'),(610115,610000,610100,'临潼区',2518,b'1'),(610116,610000,610100,'长安区',2519,b'1'),(610122,610000,610100,'蓝田县',2520,b'1'),(610124,610000,610100,'周至县',2521,b'1'),(610125,610000,610100,'户县',2522,b'1'),(610126,610000,610100,'高陵县',2523,b'1'),(610202,610000,610200,'王益区',2524,b'1'),(610203,610000,610200,'印台区',2525,b'1'),(610204,610000,610200,'耀州区',2526,b'1'),(610222,610000,610200,'宜君县',2527,b'1'),(610302,610000,610300,'渭滨区',2528,b'1'),(610303,610000,610300,'金台区',2529,b'1'),(610304,610000,610300,'陈仓区',2530,b'1'),(610322,610000,610300,'凤翔县',2531,b'1'),(610323,610000,610300,'岐山县',2532,b'1'),(610324,610000,610300,'扶风县',2533,b'1'),(610326,610000,610300,'眉县',2534,b'1'),(610327,610000,610300,'陇县',2535,b'1'),(610328,610000,610300,'千阳县',2536,b'1'),(610329,610000,610300,'麟游县',2537,b'1'),(610330,610000,610300,'凤县',2538,b'1'),(610331,610000,610300,'太白县',2539,b'1'),(610402,610000,610400,'秦都区',2540,b'1'),(610403,610000,610400,'杨陵区',2541,b'1'),(610404,610000,610400,'渭城区',2542,b'1'),(610422,610000,610400,'三原县',2543,b'1'),(610423,610000,610400,'泾阳县',2544,b'1'),(610424,610000,610400,'乾县',2545,b'1'),(610425,610000,610400,'礼泉县',2546,b'1'),(610426,610000,610400,'永寿县',2547,b'1'),(610427,610000,610400,'彬县',2548,b'1'),(610428,610000,610400,'长武县',2549,b'1'),(610429,610000,610400,'旬邑县',2550,b'1'),(610430,610000,610400,'淳化县',2551,b'1'),(610431,610000,610400,'武功县',2552,b'1'),(610481,610000,610400,'兴平市',2553,b'1'),(610502,610000,610500,'临渭区',2554,b'1'),(610521,610000,610500,'华县',2555,b'1'),(610522,610000,610500,'潼关县',2556,b'1'),(610523,610000,610500,'大荔县',2557,b'1'),(610524,610000,610500,'合阳县',2558,b'1'),(610525,610000,610500,'澄城县',2559,b'1'),(610526,610000,610500,'蒲城县',2560,b'1'),(610527,610000,610500,'白水县',2561,b'1'),(610528,610000,610500,'富平县',2562,b'1'),(610581,610000,610500,'韩城市',2563,b'1'),(610582,610000,610500,'华阴市',2564,b'1'),(610602,610000,610600,'宝塔区',2565,b'1'),(610621,610000,610600,'延长县',2566,b'1'),(610622,610000,610600,'延川县',2567,b'1'),(610623,610000,610600,'子长县',2568,b'1'),(610624,610000,610600,'安塞县',2569,b'1'),(610625,610000,610600,'志丹县',2570,b'1'),(610626,610000,610600,'吴起县',2571,b'1'),(610627,610000,610600,'甘泉县',2572,b'1'),(610628,610000,610600,'富县',2573,b'1'),(610629,610000,610600,'洛川县',2574,b'1'),(610630,610000,610600,'宜川县',2575,b'1'),(610631,610000,610600,'黄龙县',2576,b'1'),(610632,610000,610600,'黄陵县',2577,b'1'),(610702,610000,610700,'汉台区',2578,b'1'),(610721,610000,610700,'南郑县',2579,b'1'),(610722,610000,610700,'城固县',2580,b'1'),(610723,610000,610700,'洋县',2581,b'1'),(610724,610000,610700,'西乡县',2582,b'1'),(610725,610000,610700,'勉县',2583,b'1'),(610726,610000,610700,'宁强县',2584,b'1'),(610727,610000,610700,'略阳县',2585,b'1'),(610728,610000,610700,'镇巴县',2586,b'1'),(610729,610000,610700,'留坝县',2587,b'1'),(610730,610000,610700,'佛坪县',2588,b'1'),(610802,610000,610800,'榆阳区',2589,b'1'),(610821,610000,610800,'神木县',2590,b'1'),(610822,610000,610800,'府谷县',2591,b'1'),(610823,610000,610800,'横山县',2592,b'1'),(610824,610000,610800,'靖边县',2593,b'1'),(610825,610000,610800,'定边县',2594,b'1'),(610826,610000,610800,'绥德县',2595,b'1'),(610827,610000,610800,'米脂县',2596,b'1'),(610828,610000,610800,'佳县',2597,b'1'),(610829,610000,610800,'吴堡县',2598,b'1'),(610830,610000,610800,'清涧县',2599,b'1'),(610831,610000,610800,'子洲县',2600,b'1'),(610902,610000,610900,'汉滨区',2601,b'1'),(610921,610000,610900,'汉阴县',2602,b'1'),(610922,610000,610900,'石泉县',2603,b'1'),(610923,610000,610900,'宁陕县',2604,b'1'),(610924,610000,610900,'紫阳县',2605,b'1'),(610925,610000,610900,'岚皋县',2606,b'1'),(610926,610000,610900,'平利县',2607,b'1'),(610927,610000,610900,'镇坪县',2608,b'1'),(610928,610000,610900,'旬阳县',2609,b'1'),(610929,610000,610900,'白河县',2610,b'1'),(611002,610000,611000,'商州区',2611,b'1'),(611021,610000,611000,'洛南县',2612,b'1'),(611022,610000,611000,'丹凤县',2613,b'1'),(611023,610000,611000,'商南县',2614,b'1'),(611024,610000,611000,'山阳县',2615,b'1'),(611025,610000,611000,'镇安县',2616,b'1'),(611026,610000,611000,'柞水县',2617,b'1'),(620102,620000,620100,'城关区',2618,b'1'),(620103,620000,620100,'七里河区',2619,b'1'),(620104,620000,620100,'西固区',2620,b'1'),(620105,620000,620100,'安宁区',2621,b'1'),(620111,620000,620100,'红古区',2622,b'1'),(620121,620000,620100,'永登县',2623,b'1'),(620122,620000,620100,'皋兰县',2624,b'1'),(620123,620000,620100,'榆中县',2625,b'1'),(620302,620000,620300,'金川区',2626,b'1'),(620321,620000,620300,'永昌县',2627,b'1'),(620402,620000,620400,'白银区',2628,b'1'),(620403,620000,620400,'平川区',2629,b'1'),(620421,620000,620400,'靖远县',2630,b'1'),(620422,620000,620400,'会宁县',2631,b'1'),(620423,620000,620400,'景泰县',2632,b'1'),(620502,620000,620500,'秦州区',2633,b'1'),(620503,620000,620500,'麦积区',2634,b'1'),(620521,620000,620500,'清水县',2635,b'1');
INSERT INTO `sys_county` VALUES (620522,620000,620500,'秦安县',2636,b'1'),(620523,620000,620500,'甘谷县',2637,b'1'),(620524,620000,620500,'武山县',2638,b'1'),(620525,620000,620500,'张家川回族自治县',2639,b'1'),(620602,620000,620600,'凉州区',2640,b'1'),(620621,620000,620600,'民勤县',2641,b'1'),(620622,620000,620600,'古浪县',2642,b'1'),(620623,620000,620600,'天祝藏族自治县',2643,b'1'),(620702,620000,620700,'甘州区',2644,b'1'),(620721,620000,620700,'肃南裕固族自治县',2645,b'1'),(620722,620000,620700,'民乐县',2646,b'1'),(620723,620000,620700,'临泽县',2647,b'1'),(620724,620000,620700,'高台县',2648,b'1'),(620725,620000,620700,'山丹县',2649,b'1'),(620802,620000,620800,'崆峒区',2650,b'1'),(620821,620000,620800,'泾川县',2651,b'1'),(620822,620000,620800,'灵台县',2652,b'1'),(620823,620000,620800,'崇信县',2653,b'1'),(620824,620000,620800,'华亭县',2654,b'1'),(620825,620000,620800,'庄浪县',2655,b'1'),(620826,620000,620800,'静宁县',2656,b'1'),(620902,620000,620900,'肃州区',2657,b'1'),(620921,620000,620900,'金塔县',2658,b'1'),(620922,620000,620900,'瓜州县',2659,b'1'),(620923,620000,620900,'肃北蒙古族自治县',2660,b'1'),(620924,620000,620900,'阿克塞哈萨克族自治县',2661,b'1'),(620981,620000,620900,'玉门市',2662,b'1'),(620982,620000,620900,'敦煌市',2663,b'1'),(621002,620000,621000,'西峰区',2664,b'1'),(621021,620000,621000,'庆城县',2665,b'1'),(621022,620000,621000,'环县',2666,b'1'),(621023,620000,621000,'华池县',2667,b'1'),(621024,620000,621000,'合水县',2668,b'1'),(621025,620000,621000,'正宁县',2669,b'1'),(621026,620000,621000,'宁县',2670,b'1'),(621027,620000,621000,'镇原县',2671,b'1'),(621102,620000,621100,'安定区',2672,b'1'),(621121,620000,621100,'通渭县',2673,b'1'),(621122,620000,621100,'陇西县',2674,b'1'),(621123,620000,621100,'渭源县',2675,b'1'),(621124,620000,621100,'临洮县',2676,b'1'),(621125,620000,621100,'漳县',2677,b'1'),(621126,620000,621100,'岷县',2678,b'1'),(621202,620000,621200,'武都区',2679,b'1'),(621221,620000,621200,'成县',2680,b'1'),(621222,620000,621200,'文县',2681,b'1'),(621223,620000,621200,'宕昌县',2682,b'1'),(621224,620000,621200,'康县',2683,b'1'),(621225,620000,621200,'西和县',2684,b'1'),(621226,620000,621200,'礼县',2685,b'1'),(621227,620000,621200,'徽县',2686,b'1'),(621228,620000,621200,'两当县',2687,b'1'),(622901,620000,622900,'临夏市',2688,b'1'),(622921,620000,622900,'临夏县',2689,b'1'),(622922,620000,622900,'康乐县',2690,b'1'),(622923,620000,622900,'永靖县',2691,b'1'),(622924,620000,622900,'广河县',2692,b'1'),(622925,620000,622900,'和政县',2693,b'1'),(622926,620000,622900,'东乡族自治县',2694,b'1'),(622927,620000,622900,'积石山保安族东乡族撒拉族自治县',2695,b'1'),(623001,620000,623000,'合作市',2696,b'1'),(623021,620000,623000,'临潭县',2697,b'1'),(623022,620000,623000,'卓尼县',2698,b'1'),(623023,620000,623000,'舟曲县',2699,b'1'),(623024,620000,623000,'迭部县',2700,b'1'),(623025,620000,623000,'玛曲县',2701,b'1'),(623026,620000,623000,'碌曲县',2702,b'1'),(623027,620000,623000,'夏河县',2703,b'1'),(630102,630000,630100,'城东区',2704,b'1'),(630103,630000,630100,'城中区',2705,b'1'),(630104,630000,630100,'城西区',2706,b'1'),(630105,630000,630100,'城北区',2707,b'1'),(630121,630000,630100,'大通回族土族自治县',2708,b'1'),(630122,630000,630100,'湟中县',2709,b'1'),(630123,630000,630100,'湟源县',2710,b'1'),(632121,630000,632100,'平安县',2712,b'1'),(632122,630000,632100,'民和回族土族自治县',2713,b'1'),(632123,630000,632100,'乐都区',2711,b'1'),(632126,630000,632100,'互助土族自治县',2714,b'1'),(632127,630000,632100,'化隆回族自治县',2715,b'1'),(632128,630000,632100,'循化撒拉族自治县',2716,b'1'),(632221,630000,632200,'门源回族自治县',2717,b'1'),(632222,630000,632200,'祁连县',2718,b'1'),(632223,630000,632200,'海晏县',2719,b'1'),(632224,630000,632200,'刚察县',2720,b'1'),(632321,630000,632300,'同仁县',2721,b'1'),(632322,630000,632300,'尖扎县',2722,b'1'),(632323,630000,632300,'泽库县',2723,b'1'),(632324,630000,632300,'河南蒙古族自治县',2724,b'1'),(632521,630000,632500,'共和县',2725,b'1'),(632522,630000,632500,'同德县',2726,b'1'),(632523,630000,632500,'贵德县',2727,b'1'),(632524,630000,632500,'兴海县',2728,b'1'),(632525,630000,632500,'贵南县',2729,b'1'),(632621,630000,632600,'玛沁县',2730,b'1'),(632622,630000,632600,'班玛县',2731,b'1'),(632623,630000,632600,'甘德县',2732,b'1'),(632624,630000,632600,'达日县',2733,b'1'),(632625,630000,632600,'久治县',2734,b'1'),(632626,630000,632600,'玛多县',2735,b'1'),(632721,630000,632700,'玉树市',2736,b'1'),(632722,630000,632700,'杂多县',2737,b'1'),(632723,630000,632700,'称多县',2738,b'1'),(632724,630000,632700,'治多县',2739,b'1'),(632725,630000,632700,'囊谦县',2740,b'1'),(632726,630000,632700,'曲麻莱县',2741,b'1'),(632801,630000,632800,'格尔木市',2742,b'1'),(632802,630000,632800,'德令哈市',2743,b'1'),(632821,630000,632800,'乌兰县',2744,b'1'),(632822,630000,632800,'都兰县',2745,b'1'),(632823,630000,632800,'天峻县',2746,b'1'),(640104,640000,640100,'兴庆区',2747,b'1'),(640105,640000,640100,'西夏区',2748,b'1'),(640106,640000,640100,'金凤区',2749,b'1'),(640121,640000,640100,'永宁县',2750,b'1'),(640122,640000,640100,'贺兰县',2751,b'1'),(640181,640000,640100,'灵武市',2752,b'1'),(640202,640000,640200,'大武口区',2753,b'1'),(640205,640000,640200,'惠农区',2754,b'1'),(640221,640000,640200,'平罗县',2755,b'1'),(640302,640000,640300,'利通区',2756,b'1'),(640303,640000,640300,'红寺堡区',2757,b'1'),(640323,640000,640300,'盐池县',2758,b'1'),(640324,640000,640300,'同心县',2759,b'1'),(640381,640000,640300,'青铜峡市',2760,b'1'),(640402,640000,640400,'原州区',2761,b'1'),(640422,640000,640400,'西吉县',2762,b'1'),(640423,640000,640400,'隆德县',2763,b'1'),(640424,640000,640400,'泾源县',2764,b'1'),(640425,640000,640400,'彭阳县',2765,b'1'),(640502,640000,640500,'沙坡头区',2766,b'1'),(640521,640000,640500,'中宁县',2767,b'1'),(640522,640000,640500,'海原县',2768,b'1'),(650102,650000,650100,'天山区',2769,b'1'),(650103,650000,650100,'沙依巴克区',2770,b'1'),(650104,650000,650100,'新市区',2771,b'1'),(650105,650000,650100,'水磨沟区',2772,b'1'),(650106,650000,650100,'头屯河区',2773,b'1'),(650107,650000,650100,'达坂城区',2774,b'1'),(650109,650000,650100,'米东区',2775,b'1'),(650121,650000,650100,'乌鲁木齐县',2776,b'1'),(650202,650000,650200,'独山子区',2777,b'1'),(650203,650000,650200,'克拉玛依区',2778,b'1'),(650204,650000,650200,'白碱滩区',2779,b'1'),(650205,650000,650200,'乌尔禾区',2780,b'1'),(652101,650000,652100,'吐鲁番市',2781,b'1'),(652122,650000,652100,'鄯善县',2782,b'1'),(652123,650000,652100,'托克逊县',2783,b'1'),(652201,650000,652200,'哈密市',2784,b'1'),(652222,650000,652200,'巴里坤哈萨克自治县',2785,b'1'),(652223,650000,652200,'伊吾县',2786,b'1'),(652301,650000,652300,'昌吉市',2787,b'1'),(652302,650000,652300,'阜康市',2788,b'1'),(652323,650000,652300,'呼图壁县',2789,b'1'),(652324,650000,652300,'玛纳斯县',2790,b'1'),(652325,650000,652300,'奇台县',2791,b'1'),(652327,650000,652300,'吉木萨尔县',2792,b'1'),(652328,650000,652300,'木垒哈萨克自治县',2793,b'1'),(652701,650000,652700,'博乐市',2794,b'1'),(652702,650000,652700,'阿拉山口市',2795,b'1'),(652722,650000,652700,'精河县',2796,b'1'),(652723,650000,652700,'温泉县',2797,b'1'),(652801,650000,652800,'库尔勒市',2798,b'1'),(652822,650000,652800,'轮台县',2799,b'1'),(652823,650000,652800,'尉犁县',2800,b'1'),(652824,650000,652800,'若羌县',2801,b'1'),(652825,650000,652800,'且末县',2802,b'1'),(652826,650000,652800,'焉耆回族自治县',2803,b'1'),(652827,650000,652800,'和静县',2804,b'1'),(652828,650000,652800,'和硕县',2805,b'1'),(652829,650000,652800,'博湖县',2806,b'1'),(652901,650000,652900,'阿克苏市',2807,b'1'),(652922,650000,652900,'温宿县',2808,b'1'),(652923,650000,652900,'库车县',2809,b'1'),(652924,650000,652900,'沙雅县',2810,b'1'),(652925,650000,652900,'新和县',2811,b'1'),(652926,650000,652900,'拜城县',2812,b'1'),(652927,650000,652900,'乌什县',2813,b'1'),(652928,650000,652900,'阿瓦提县',2814,b'1'),(652929,650000,652900,'柯坪县',2815,b'1'),(653001,650000,653000,'阿图什市',2816,b'1'),(653022,650000,653000,'阿克陶县',2817,b'1'),(653023,650000,653000,'阿合奇县',2818,b'1'),(653024,650000,653000,'乌恰县',2819,b'1'),(653101,650000,653100,'喀什市',2820,b'1'),(653121,650000,653100,'疏附县',2821,b'1'),(653122,650000,653100,'疏勒县',2822,b'1'),(653123,650000,653100,'英吉沙县',2823,b'1'),(653124,650000,653100,'泽普县',2824,b'1'),(653125,650000,653100,'莎车县',2825,b'1'),(653126,650000,653100,'叶城县',2826,b'1'),(653127,650000,653100,'麦盖提县',2827,b'1'),(653128,650000,653100,'岳普湖县',2828,b'1'),(653129,650000,653100,'伽师县',2829,b'1'),(653130,650000,653100,'巴楚县',2830,b'1'),(653131,650000,653100,'塔什库尔干塔吉克自治县',2831,b'1'),(653201,650000,653200,'和田市',2832,b'1'),(653221,650000,653200,'和田县',2833,b'1'),(653222,650000,653200,'墨玉县',2834,b'1'),(653223,650000,653200,'皮山县',2835,b'1'),(653224,650000,653200,'洛浦县',2836,b'1'),(653225,650000,653200,'策勒县',2837,b'1'),(653226,650000,653200,'于田县',2838,b'1'),(653227,650000,653200,'民丰县',2839,b'1'),(654002,650000,654000,'伊宁市',2840,b'1'),(654003,650000,654000,'奎屯市',2841,b'1'),(654021,650000,654000,'伊宁县',2842,b'1'),(654022,650000,654000,'察布查尔锡伯自治县',2843,b'1'),(654023,650000,654000,'霍城县',2844,b'1'),(654024,650000,654000,'巩留县',2845,b'1'),(654025,650000,654000,'新源县',2846,b'1'),(654026,650000,654000,'昭苏县',2847,b'1'),(654027,650000,654000,'特克斯县',2848,b'1'),(654028,650000,654000,'尼勒克县',2849,b'1'),(654201,650000,654200,'塔城市',2850,b'1'),(654202,650000,654200,'乌苏市',2851,b'1'),(654221,650000,654200,'额敏县',2852,b'1'),(654223,650000,654200,'沙湾县',2853,b'1'),(654224,650000,654200,'托里县',2854,b'1'),(654225,650000,654200,'裕民县',2855,b'1'),(654226,650000,654200,'和布克赛尔蒙古自治县',2856,b'1'),(654301,650000,654300,'阿勒泰市',2857,b'1'),(654321,650000,654300,'布尔津县',2858,b'1'),(654322,650000,654300,'富蕴县',2859,b'1'),(654323,650000,654300,'福海县',2860,b'1'),(654324,650000,654300,'哈巴河县',2861,b'1'),(654325,650000,654300,'青河县',2862,b'1'),(654326,650000,654300,'吉木乃县',2863,b'1'),(659001,650000,659001,'石河子市',2864,b'1'),(659002,650000,659002,'阿拉尔市',2865,b'1'),(659003,650000,659003,'图木舒克市',2866,b'1');

# SY_省份
DROP TABLE IF EXISTS `sys_province`;
CREATE TABLE `sys_province` (
  `id` int(11) NOT NULL AUTO_INCREMENT,
  `province_name` varchar(30) NOT NULL COMMENT '省份名称',
  `province_short_name` varchar(30) DEFAULT '',
  `sort` int(11) DEFAULT '0' COMMENT '顺序',
  `valid` bit(1) NOT NULL DEFAULT b'1' COMMENT '是否有效',
  PRIMARY KEY (`id`)
) ENGINE=InnoDB AUTO_INCREMENT=650001 DEFAULT CHARSET=utf8 COMMENT='SY_省份';
#data for sys_province
INSERT INTO `sys_province` VALUES (110000,'北京','北京',2,b'1'),(120000,'天津','天津',27,b'1'),(130000,'河北省','河北',11,b'1'),(140000,'山西省','山西',23,b'1'),(150000,'内蒙古自治区','内蒙古',19,b'1'),(210000,'辽宁省','辽宁',18,b'1'),(220000,'吉林省','吉林',15,b'1'),(230000,'黑龙江省','黑龙江',12,b'1'),(310000,'上海','上海',25,b'1'),(320000,'江苏省','江苏',16,b'1'),(330000,'浙江省','浙江',31,b'1'),(340000,'安徽省','安徽',1,b'1'),(350000,'福建省','福建',4,b'1'),(360000,'江西省','江西',17,b'1'),(370000,'山东省','山东',22,b'1'),(410000,'河南省','河南',10,b'1'),(420000,'湖北省','湖北',13,b'1'),(430000,'湖南省','湖南',14,b'1'),(440000,'广东省','广东',6,b'1'),(450000,'广西壮族自治区','广西',7,b'1'),(460000,'海南省','海南',9,b'1'),(500000,'重庆','重庆',3,b'1'),(510000,'四川省','四川',26,b'1'),(520000,'贵州省','贵州',8,b'1'),(530000,'云南省','云南',30,b'1'),(540000,'西藏自治区','西藏',28,b'1'),(610000,'陕西省','陕西',24,b'1'),(620000,'甘肃省','甘肃',5,b'1'),(630000,'青海省','青海',21,b'1'),(640000,'宁夏回族自治区','宁夏',20,b'1'),(650000,'新疆维吾尔自治区','新疆',29,b'1');
